no,name,time,case,fact,low,fine,appeal,result,restricted,improve
273,琨鼎環境科技股份有限公司,111/08/24,琨鼎環境科技股份有限公司違反空氣污染防制法及環境檢驗測定機構管理辦法,未依公司檢驗室管理手冊執行空氣檢測類檢測業務。,"違反空氣污染防制法第49條第2項授權訂定之環境檢驗測定機構管理辦法第 17條第1項第3款琨鼎公司「環境檢驗室管理手冊」(檔案編號:KT-QA-01S) 規定,依空氣污染防制法第 70 條第2款、環境檢驗測定機構管理辦法第 24 條第1項第2款規定裁處,並限期改善。 及依環境教育法第23條之規定裁處環境講習。",200000,否,,111/09/13,
272,柏新科技股份有限公司,111/08/24,柏新科技股份有限公司違反空氣污染防制法及環境檢驗測定機構管理辦法,"未依本署公告空氣中懸浮微粒(PM2.5)檢測方法-手動採樣法(NIEA A205.11C)執行採樣後之流量查核作業。","違反空氣污染防制法第49條第2項授權訂定之環境檢驗測定機構管理辦法 第17條第1項第2款規定,依空氣污染防制法第70條第2款、環境檢驗測 裁處理由 及 法令依據 定機構管理辦法第24條第1項第1款規定裁處，及依環境教育法第23條之規定裁處環境講習。",200000,否,,111/9/13,
271,華光工程顧問股份有限公司,111/08/15,華光工程顧問股份有限公司違反空氣污染防制法及環境檢驗測定機構管理辦法,未依本署公告檢測方法執行空氣污染物自動監測業務。,違反空氣污染防制法第49條第2項所授權訂定之環境檢驗測定機構管理辦法第17條第1項第2款及第3款，依環境檢驗測定機構管理辦法第24條第1項第1款及第2款、空氣污染防制法第70條第2款規定裁處，及依環境教育法第23條之規定裁處環境講習。,400000,否,,111/9/6,
270,上準環境科技股份有限公司,111/07/26,上準環境科技股份有限公司違反空氣污染防制法及環境檢驗測定機構管理辦法,未依本署公告檢測方法執行空氣污染物自動監測業務。,違反空氣污染防制法第49條第2項所授權訂定之環境檢驗測定機構管理辦法第17條第1項第2款規定，依空氣污染防制法第70條第2款、環境檢驗測定機構管理辦法第24條第1項第1款規定裁處，及依環境教育法第23條之規定裁處環境講習。,200000,否,,111/8/19,是
269,建信資源科技股份有限公司,2022-06-21,建信資源科技股份有限公司土壤及地下水污染整治法第28條第2項,受處分人產製及進口整治費徵收物質，應依土壤及地下水污染整治費收費辦法規定申報繳納土壤及地下水污染整治費，受處分人於110年10月31日前儘速依法申報繳納110年第3季整治費及利息，經查受處分人逾期90日仍未完成整治費申報及繳納。,土壤及地下水污染整治法第28條第2項,200000,否,,,
268,建信資源科技有限公司二廠,2022-06-21,建信資源科技有限公司二廠土壤及地下水污染整治法第28條第2項,受處分人所屬二廠（管制編號T57A0812）產製及進口整治費徵收物質，應依土壤及地下水汙染整治費收費辦法規定申報繳納土壤及地下水污染整治費，受處分人於110年10月31日前儘速依法申報繳納110年第3季整治費及利息，經查受處分人逾期90日仍未完成整治費申報及繳納。,土壤及地下水污染整治法第28條第2項,200000,否,,,
267,仙宗興業股份有限公司明南廠,2022-06-17,仙宗興業股份有限公司明南廠土壤及地下水污染整治法第28條第2項,受處分人所屬明南廠(管制編號D0500567)產製及進口整治費徵收物質，應依土壤及地下水污染整治費收費辦法規定申報繳納土壤及地下水污染整治費，受處分人於110年10月31日前儘速依法申報繳納110年第3季整治費及利息，經查受處分人逾期90日仍未完成整治費申報及繳納。,土壤及地下水污染整治法第28條第2項,200000,否,,,
266,大樹林屠宰場,2022-06-17,大樹林屠宰場土壤及地下水污染整治法第28條第2項,受處分人產製及進口整治費徵收物質，應依土壤及地下水污染整治費收費辦法規定申報繳納土壤及地下水污染整治費，受處分人於110年10月31日前儘速依法申報繳納110年第2季及第3季整治費及利息，經查受處分人逾期90日仍未完成整治費申報及繳納。,土壤及地下水污染整治法第28條第2項,200000,否,,,
265,民烽有限公司,2022-05-31,民烽有限公司土壤及地下水污染整治法第40條第3項,"本署執行本場址土壤地下水污染查證工作。檢測結果顯示土壤重金屬鉻、銅、鉛濃度逾土壤污染管制標準，鉻濃度最高達13,500 mg/kg逾管制標準的54倍、銅濃度最高達1,780 mg/kg逾管制標準的4.45倍、鉛濃度最高達11,400 mg/kg逾管制標準的5.7倍；地下水重金屬鉻逾地下水第二類管制標準，鉻濃度最高達36.7 mg/L為地下水第二類管制標準73.4倍。並發現廠內電鍍槽有明顯濕潤之滲漏痕跡，地下式廢水貯存槽（池）可目視鋼筋混凝土結構外觀劣化剝落，致使製程廢水因人為操作及鋪面結構劣化滲漏至土壤及",土壤及地下水污染整治法第40條第3項,150000,否,,,
264,九連環境開發股份有限公司,111/04/21,九連環境開發股份有限公司違反空氣污染防制法及環境檢驗測定機構管理辦法,未依公司檢驗室管理手冊執行空氣檢測類檢測業務。,"違反空氣污染防制法第49條第2項所授權訂定之環境檢驗測定機構管理辦法第17條第1項第3款「依檢驗室管理手冊執行其業務」規定，並依空氣污染防制法第70條之規定裁處。及依環境教育法第23條及環境講習執行?法第8條之規定裁處環境講習。
",1000000,否,,111/5/12,是
263,正修學校財團法人,111/03/15,正修學校財團法人反土壤及地下水污染整治法及環境檢驗測定機構管理辦法,未依本署公告品質管制事項執行檢測業務。,一、違反土壤及地下水污染整治法第10條第2項授權訂定之環境檢驗測定機構管理辦法第17條第1項第2款規定，並依土壤及地下水污染整治法第42條第1項第1款及環境檢驗測定機構管理辦法第24條第1項第1款之規定裁處。二、依環境教育法第23條之規定裁處環境講習。,50000,否,,111/4/6,是
262,日揚環境工程有限公司,111/03/14,日揚環境工程有限公司違反水污染治制法及環境檢驗測定機構管理辦法,"未依本署公告檢測方法「土壤採樣方法(NIEA S102.63B)」規定執行檢測業務。","違反土壤及地下水污染整治法第10條第2項授權訂定之環境檢驗測定機構管理辦法第17條第1項第2款規定，並依土壤及地下水污染整治法第42條第1項第1款及環境檢驗測定機構管理辦法第24條第1項第1款之規定裁處。及依環境教育法第23條之規定裁處環境講習。
",50000,否,,111/4/1,是
261,慧群環境科技股份有限公司,111/03/14,慧群環境科技股份有限公司違反水污染治制法及環境檢驗測定機構管理辦法,"未依檢驗室管理手冊執行土壤氣體監測井中油氣檢測(NIEA M203)。","違反水污染防治法第23條第2項授權訂定之環境檢驗測定機構管理辦法第17條第1項第3款規定，並依水污染防治法第49條及環境檢驗測定機構管理辦法第24條第1項第1款之規定裁處。二、依環境教育法第23條之規定裁處環境講習。
",30000,否,,111/4/6,是
260,清華科技檢驗股份有限公司,111/03/14,清華科技檢驗股份有限公司違反內空氣品質管理法及環境檢驗測定機構管理辦法,執行空氣檢測類檢測過程涉虛偽不實及未依本署公告檢測方法執行其業務。,違反室內空氣品質管理法第11條第2項授權訂定之環境檢驗測定機構管理辦法第24條第1項第8款規定，且屬同辦法第24條第2項第1款之情節重大，依室內空氣品質管理法第16條、環境檢驗測定機構管理辦法第24條第1項第8款規定裁處；廢止檢測方法(A705.12C)之許可。及依環境教育法第23條之規定裁處環境講習。,250000,否,,,無改善事項
259,惠民實業股份有限公司,111/03/14,惠民實業股份有限公司違反水污染治制法及環境檢驗測定機構管理辦法,未依本署公告品質管制事項執行水質水量檢測類檢測業務。,違反水污染防治法第23條第2項授權訂定之環境檢驗測定機構管理辦法第17條第1項第2款規定，並依水污染防治法第49條及環境檢驗測定機構管理辦法第24條第1項第1款之規定裁處。及依環境教育法第23條之規定裁處環境講習。,60000,否,,111/4/1,是
258,國軍高雄總醫院,111/03/14,國軍高雄總醫院違反飲用水管理條例及環境檢驗測定機構管理辦法,未依檢驗室管理手冊之規定，執行飲用水檢測類之檢驗測定業務。,違反飲用水管理條例第12條之1第2項授權訂定之環境檢驗測定機構管理辦法第17條第1項第3款規定，並依同辦法第24條第1項第2款及飲用水管理條第24條之1之規定裁處及限期改善。及依環境教育法第23條之規定裁處環境講習。,50000,否,,111/4/1,是
257,玉群環境科技有限公司,111/03/14,玉群環境科技有限公司違反水污染治制法及環境檢驗測定機構管理辦法,逾期辦理檢測機構及檢驗室名稱變更登記。," 違反水污染防治法第23條第2項授權訂定之環境檢驗測定機構管理辦法第19條第3項規定，並依水污染防治法第49條之規定裁處。及依環境教育法第23條之規定裁處環境講習。 """,200000,否,,111/2/25,是
256,榮工大發環保股份有限公司,111/03/03,榮工大發環保股份有限公司違反水污染治制法及環境檢驗測定機構管理辦法,未依本署公告品質管制事項「環境檢驗測定機構檢驗室品質系統基本規範」執行水質水量檢測作業。,違反水污染防治第23條第2項所授權訂定之環境檢驗測定機構管理辦法第17條第1項第2款「依中央主管機關公告之檢測方法、品質管制事項及檢驗室之標準作業程序執行檢測」規定，並依水污染防治第49條之規定裁處。及依環境教育法第23條規定裁處環境講習。,30000,否,,111/2/23,是
255,榮工大發環保股份有限公司,111/03/03,榮工大發環保股份有限公司違反廢棄物清理法及環境檢驗測定機構管理辦法,"未依本署公告檢測方法「事業廢棄物萃出液中六價鉻檢測方法(NIEA R309.12C)」規定執行檢測作業。","違反廢棄物清理法第43條第2項所授權訂定之環境檢驗測定機構管理辦法第17條第1項第2款「依中央主管機關公告之檢測方法、品質管制事項及檢驗室之標準作業程序執行檢測」規定，並依廢棄物清理法第58條之規定裁處。及依環境教育法第23條規定裁處環境講習。
",180000,否,,111/2/23,是
254,榮工大發環保股份有限公司,111/03/03,榮工大發環保股份有限公司違反空氣污染防制法及環境檢驗測定機構管理辦法,未依公司檢驗室管理手冊執行空氣檢測類檢測之排放管道中粒狀污染物採樣及其濃度測定業務。,違反空氣污染防制法第49條第2項所授權訂定之環境檢驗測定機構管理辦法第17條第1項第3款「依檢驗室管理手冊執行其業務」規定，並依空氣污染防制法第70條之規定裁處。及依環境教育法第23條之規定裁處環境講習。,400000,否,,111/2/23,是
253,麥寮工業區專用港管理股份有限公司,111/02/23,麥寮工業區專用港管理股份有限公司環境影響評估法第17條,本署於110年11月5日派員辦理本案違規事項改善之監督查驗，發現航道浚深之土砂，仍回填於南碼頭區並覆蓋副產石灰，其違規狀態與前三次裁處時相同，違法事實依然存在，故本署認定未完成改善。,環境影響評估法第17條,600000,是,,111/8/31,否
252,麥寮工業區專用港管理股份有限公司,111/02/17,麥寮工業區專用港管理股份有限公司環境影響評估法第17條,貴公司未於期限屆滿前提出改善完成報告或證明文件，向本署報請查驗，本署於110年10月15日派員執行違規事項改善查驗，發現本案之違規事實依然存在，故本署認定未完成改善，依法裁處。,環境影響評估法第17條,800000,是,,111/5/20,否
251,交通部高速公路局,111/01/28,交通部高速公路局環境影響評估法第17條,"本案C715標已開挖之土石方數量為13萬9,207立方公尺，回填數量為8萬1,207立方公尺，超出「國道4號臺中環線豐原潭子段工程環境影響差異分析報告」（定稿本）第4-11頁本計畫變更後挖填土石方統計表所載C715標挖方數量7.7萬立方公尺及回填數量5.2萬立方公尺，與環評書件所載內容不符。",環境影響評估法第17條,300000,是,,111/8/1,否
250,婕克環境科技有限公司,111/02/22,婕克環境科技有限公司違反飲用水管理條例及環境檢驗測定機構管理辦法,"執行本署公告NIEA E203檢測方法盲樣測試，結果連續2次不合格。",違反水污染防治法第23條第2項授權訂定之環境檢驗測定機構管理辦法第17條第1項第2款規定，並依水污染防治法第49條及環境檢驗測定機構管理辦法第24條第1項第1款之規定裁處，及依環境教育法第23條之規定裁處環境講習。,50000,否,,111/03/15,無改善事項
249,芃展環境股份有限公司,111/02/22,芃展環境股份有限公司違反飲用水管理條例及環境檢驗測定機構管理辦法,"執行本署公告NIEA E203檢測方法盲樣測試，結果連續2次不合格。",違反飲用水管理條例第12條之1第2項授權訂定之環境檢驗測定機構管理辦法第24條第1項第6款規定，並依飲用水管理條例第24條之1之規定裁處，及依環境教育法第23條之規定裁處環境講習。,50000,否,,111/03/15,無改善事項
248,中環科技事業股份有限公司,111/02/21,中環科技事業股份有限公司違反水污染防治法及環境檢驗測定機構管理辦法,"未依本署公告檢測方法(NIEA W424.53A)規定執行檢測作業",違反水污染防治法第23條第2項授權訂定之環境檢驗測定機構管理辦法第17條第1項第2款規定，並依水污染防治法第49條及環境檢驗測定機構管理辦法第24條第1項第1款之規定裁處，及依環境教育法第23條之規定裁處環境講習。,30000,否,,111/03/11,否
247,威騰有限公司,111/01/05,威騰有限公司違反水污染防治法及環境檢驗測定機構管理辦法,未依「環境檢驗測定機構檢驗室品質系統基本規範」執行水質水量檢測類檢測業務。,屬水污染防治法第23條第2項所授權訂定之環境檢驗測定機構管理辦法第17條第1項第2款之情事，並依水污染防治法第49條及環境檢驗測定機構管理辦法第24條第1項第1款之規定裁處，及依環境教育法第23條之規定裁處環境講習。,30000,否,,111/02/04,是
246,道濟製藥股份有限公司,111/01/05,道濟製藥股份有限公司違反空氣污染防制法及環境檢驗測定機構管理辦法,未依公司檢驗室管理手冊執行空氣檢測類檢測業務。,違反空氣污染防制法第49條第2項授權訂定之環境檢驗測定機構管理辦法第17條第1項第3款規定，並依同辦法第24第1項第2款及空氣污染防制法第70條第2款之規定裁處，及依環境教育法第23條之規定裁處環境講習。,200000,否,,111/01/25,是
245,芃展環境股份有限公司,110/12/22,芃展環境股份有限公司違反水污染防治法及環境檢驗測定機構管理辦法,未依公司檢驗室管理手冊執行水質水量檢測類檢測業務,屬水污染防治法第23條第2項所授權訂定之環境檢驗測定機構管理辦法第17條第1項第3款及第24條第1項第2款之情事，並依水污染防治法第49條之規定裁處，及依環境教育法第23條之規定裁處環境講習。,30000,否,,111/01/12,是
244,泓景環保科技股份有限公司,110/12/17,泓景環保科技股份有限公司違反土壤及地下水污染整治法及環境檢驗測定機構管理辦法,"未依本署公告品質管制事項「環境樣品採集及保存作業指引(NIEA-PA102)」及檢測方法「土壤採樣方法(NIEA S102.63B)」規定執行檢測業務",違反土壤及地下水污染整治法第10條第2項授權訂定之環境檢驗測定機構管理辦法第17條第1項第2款規定，並依土壤及地下水污染整治法第42條第1項第1款及環境檢驗測定機構管理辦法第24條第1項第1款之規定裁處，及依環境教育法第23條之規定裁處環境講習。,100000,否,,111/01/07,是
243,台宇環境科技股份有限公司,110/12/02,台宇環境科技股份有限公司違反水污染防治法及環境檢驗測定機構管理辦法,"未依本署公告檢測方法(NIEA W510.55B)規定執行檢測作業",違反水污染防治法第23條第2項授權訂定之環境檢驗測定機構管理辦法第17條第1項第2款規定，並依水污染防治法第49條及環境檢驗測定機構管理辦法第24條第1項第1款之規定裁處，及依環境教育法第23條之規定裁處環境講習。,30000,否,,110/12/23,是
242,銳縉電鍍工廠,110/11/30,銳縉電鍍工廠土壤及地下水污染整治法第40條第3項,"彰化縣環保局辦理「109年度土壤及地下水污染調查及查證工作計畫-彰化縣」，執行有污染疑慮工廠調查工作，調查結果土壤鉻（最高濃度3,440mg/kg，管制標準250mg/ kg）、鎳（最高濃度2,030mg/kg，管制標準200mg/kg）及銅（最高濃度1,890mg/kg，管制標準400mg/kg）達污染管制準。因經費不足由本署「109年度土壤及地下水污染事件應變計畫」協助辦理後，確認地下水鉻（最高濃度78.5mg/L，管制標準0.5 mg/L）及鉛（最高濃度 0.172 mg/L，管制標準0.1 mg/L）達管制標準。由系統預帶,由系統預帶,",土壤及地下水污染整治法第40條第3項,150000,否,,,
241,交通部觀光局大鵬灣國家風景區管理處,110/11/01,交通部觀光局大鵬灣國家風景區管理處環境影響評估法第17條,本案109年3月15日進行浚渫底泥及回填作業，惟開發單位於109年3月回填作業期間未執行環境異味監測及灣域水質監測，與本案第11次變更內容對照表所載「本計畫浚渫之底泥係由工作船直接運至回填區進行回填作業，並無陸上運輸作業」及「於回填作業期間在回填區周界一處進行每季一次異味監測；灣域水質部分，規劃以底泥浚渫作業為中心半徑50M之範圍及回填區放流水排放口進行灣域水質檢測，檢測頻率為每月一次。」內容不符。,環境影響評估法第17條,300000,是,,,
240,淇荃環保科技有限公司,110/09/13,淇荃環保科技有限公司違反水污染防治法及環境檢驗測定機構管理辦法,檢測人員變更登記超過法定期間30日,違反水污染防治法第23條第2項授權訂定環境檢驗測定機構管理辦法第19條第1項，爰予裁處。,記違規1人次,否,,,無改善事項
239,亞太環境科技股份有限公司,110/09/03,亞太環境科技股份有限公司違反土壤及地下水污染整治法及環境檢驗測定機構管理辦法,"未依公告之檢測方法(NIEA W103.56B)規定執行檢測作業。",違反土壤及地下水污染整治法第10條第2項授權訂定之環境檢驗測定機構管理辦法第17條第1項第2款規定，並依土壤及地下水污染整治法第42條第1項第1款及環境檢驗測定機構管理辦法第24條第1項第1款之規定裁處，及依環境教育法第23條之規定裁處環境講習。,50000,否,,110/09/24,是
238,臺北市政府捷運工程局,110/09/29,臺北市政府捷運工程局環境影響評估法第17條,新莊機廠出土段噪音防制措施，由「懸臂頂罩式隔音牆」變更為「明挖覆蓋隧道」並已完成，與原變更內容對照表相關環保對策及配置不符。,環境影響評估法第17條,300000,否,,111/03/31,否
237,建信資源科技有限公司,110/09/02,建信資源科技有限公司土壤及地下水污染整治法第28條第2項,受處分人產製及進口整治費徵收物質，應依前述辦法規定申報繳納土壤及地下水污染整治費，受處分人於110年4月30日前儘速依法申報繳納110年第1季整治費及利息，經查受處分人逾期90日仍未完成整治費申報及繳納，核屬違反土壤及地下水污染整治法第39條規定。,土壤及地下水污染整治法第28條第2項,200000,否,,,
236,建信資源科技有限公司二廠,110/09/02,建信資源科技有限公司二廠土壤及地下水污染整治法第28條第2項,受處分人產製及進口整治費徵收物質，應依前述辦法規定申報繳納土壤及地下水污染整治費，受處分人於110年4月30日前儘速依法申報繳納110年第1季整治費及利息，經查受處分人逾期90日仍未完成整治費申報及繳納，核屬違反土壤及地下水污染整治法第39條規定。,土壤及地下水污染整治法第28條第2項,200000,否,,,
235,允能風力發電股份有限公司,110/08/17,允能風力發電股份有限公司環境影響評估法第17條,(一)本開發案第51號機組打樁期間，部分船隻於打樁完成前離開觀察範圍，有觀察船隻、鯨豚觀察員及水下聲學儀器配置不足之情事，與本案環境影響說明書所載內容不符。(二)本開發案第64號機組打樁期間，考量天候因素提前於日落後啟動新設風機打樁作業（晚間10點33分），與本案環境影響說明書所載內容不符。,環境影響評估法第17條,1100000,否,,,
234,台塑石化股份有限公司,110/07/08,台塑石化股份有限公司環境影響評估法第18條第3項,"貴公司煉製二廠109年7月15日工安事件執行環境監測與蒐證，放流水未依本署公告「事業放流水採樣方法(NIEA109.52B )」規定進行採樣檢測，與「六輕廠區工安事件環境監測與蒐證方法之因應對策」所載內容不符。",環境影響評估法第18條第3項,600000,是,,,
233,經濟部工業局,110/07/07,經濟部工業局環境影響評估法第17條,貴局所執行養灘計畫，未依審查結論規定，優先取自工業專用港北防波堤以北，築堤後所淤積之區域為其料源，且107至109年營運期間航道疏浚之拋砂數量、處理方式及地點皆與環評書件所載內容不符。,環境影響評估法第17條,800000,是,,110/10/15,否
232,玉群環境科技有限公司,110/06/28,玉群環境科技有限公司違反水污染防治法及環境檢驗測定機構管理辦法,檢測人員變更登記超過法定期間30日,違反水污染防治法第23條第2項授權訂定環境檢驗測定機構管理辦法第19條第1項，爰予裁處。,記違規1人次,否,,,無改善事項
231,景泰順檢驗股份有限公司,110/06/23,景泰順檢驗股份有限公司違反空氣污染防制法及環境檢驗測定機構管理辦法,"未依公告之檢測方法(NIEA A101.76C)執行檢測業務。",違反空氣污染防制法第49條第2項授權訂定環境檢驗測定機構管理辦法第17條第1項第2款規定，爰依同法第70條第2款及同辦法第24條第1項第1款規定裁處，並依環境教育法第23條之規定裁處環境講習。,400000,否,,110/07/12,是
230,三普環境分析股份有限公司,110/06/10,三普環境分析股份有限公司違反空氣污染防制法及環境檢驗測定機構管理辦法,"未依公告檢測方法(NIEA A723.74B)之規定，執行檢測業務。","違反空氣污染防制法第49條第2項授權訂定環境檢驗測定機構管理辦法第24條第1項第8款及第24條第2項第1款規定，爰依同法第70條第2款規定裁處及廢止許可證(NIEA A723)檢測項目，並依環境教育法第23條之規定裁處環境講習。",200000,否,,110/06/30,是
229,台灣本田股份有限公司,110/06/07,台灣本?股份有限公司空氣污染防制法第42條第2項,G649TW6-14等引擎族之機車車型排氣暨噪音審驗合格證明計18張，因任意變更電子控制單元，與申請合格證明時所載資料不符，違反「機車車型排氣審驗合格證明核發撤銷及廢止辦法」第12條及「機動車輛車型噪音審驗合格證明核發廢止及噪音抽驗檢驗處理辦法」第10條等相關規定。,空氣污染防制法第42條第2項,10000,否,,110/11/30,否
228,柏新科技股份有限公司,110/06/02,柏新科技股份有限公司違反土壤及地下水污染整治法及環境檢驗測定機構管理辦法,採樣紀錄虛偽不實及未依檢驗室管理手冊執行業務,違反土壤及地下水污染整治法第10條第2項授權訂定環境檢驗測定機構管理辦法第17條第1項第3款、第24條第1項第8款及第2項第1款規定，爰依同法第42條第1項第1款及第2項規定裁處；廢止檢測方法(S703.62B)之許可；及依環境教育法第23條之規定裁處環境講習。,250000,是,,,無改善事項
227,寶德電化材科技股份有限公司,110/05/28,寶德電化材科技股份有限公司土壤及地下水污染整治法第28條第2項,受處分人於109年1-3月期間，產生土壤及地下水污染整治費（下稱整治費）徵收廢棄物，依土壤及地下水污染整治法第28條第2項及土壤及地下水污染整治費收費辦法第4條第1項規定，應於109年4月30日前申報及繳納整治費，本署並於109年6月9日發函向受處分人破產管理人申報債權。經查受處分人逾90日(109年7月29日)仍未繳納，核屬違反土壤及地下水污染整治法第28條第2項規定。,土壤及地下水污染整治法第28條第2項,200000,否,,,
226,翰侑有限公司,110/05/27,翰侑有限公司違反毒性及關注化學物質管理法第30條第3項,未依新化學物質及既有化學物質資料登錄辦法第24條規定，在109年4月1日起至9月30日之申報期限，申報經核准化學物質在108年之製造及輸入數量資訊,毒性及關注化學物質管理法第30條第3項,30000,否,,110/06/25,是
225,台塑瓦斯石化行,110/05/27,台塑瓦斯石化行違反毒性及關注化學物質管理法第30條第3項,未依新化學物質及既有化學物質資料登錄辦法第24條規定，在109年4月1日起至9月30日之申報期限，申報經核准化學物質在108年之製造及輸入數量資訊,毒性及關注化學物質管理法第30條第3項,30000,是,訴願駁回,110/06/25,是
224,一粒米有限公司,110/05/27,一粒米有限公司違反毒性及關注化學物質管理法第30條第3項,未依新化學物質及既有化學物質資料登錄辦法第24條規定，在109年4月1日起至9月30日之申報期限，申報經核准化學物質在108年之製造及輸入數量資訊,毒性及關注化學物質管理法第30條第3項,30000,是,訴願駁回,110/06/25,是
223,達邑應用材料股份有限公司,110/05/27,達邑應用材料股份有限公司違反毒性及關注化學物質管理法第30條第3項,未依新化學物質及既有化學物質資料登錄辦法第24條規定，在109年4月1日起至9月30日之申報期限，申報經核准化學物質在108年之製造及輸入數量資訊,毒性及關注化學物質管理法第30條第3項,30000,否,,110/06/25,是
222,松辰國際股份有限公司,110/05/27,松辰國際股份有限公司違反毒性及關注化學物質管理法第30條第3項,未依新化學物質及既有化學物質資料登錄辦法第24條規定，在109年4月1日起至9月30日之申報期限，申報經核准化學物質在108年之製造及輸入數量資訊,毒性及關注化學物質管理法第30條第3項,30000,否,,110/06/25,是
221,佳鎧塑膠有限公司,110/05/27,佳鎧塑膠有限公司違反毒性及關注化學物質管理法第30條第3項,未依新化學物質及既有化學物質資料登錄辦法第24條規定，在109年4月1日起至9月30日之申報期限，申報經核准化學物質在108年之製造及輸入數量資訊,毒性及關注化學物質管理法第30條第3項,30000,是,訴願駁回,110/06/25,是
220,宜園開發股份有限公司,110/05/27,宜園開發股份有限公司違反毒性及關注化學物質管理法第30條第3項,未依新化學物質及既有化學物質資料登錄辦法第24條規定，在109年4月1日起至9月30日之申報期限，申報經核准化學物質在108年之製造及輸入數量資訊,毒性及關注化學物質管理法第30條第3項,30000,否,,110/06/25,是
219,嘉鴻化工有限公司,110/05/27,嘉鴻化工有限公司違反毒性及關注化學物質管理法第30條第3項,未依新化學物質及既有化學物質資料登錄辦法第24條規定，在109年4月1日起至9月30日之申報期限，申報經核准化學物質在108年之製造及輸入數量資訊,毒性及關注化學物質管理法第30條第3項,30000,否,,110/06/25,是
218,永和膠業廠有限公司,110/05/27,永和膠業廠有限公司違反毒性及關注化學物質管理法第30條第3項,未依新化學物質及既有化學物質資料登錄辦法第24條規定，在109年4月1日起至9月30日之申報期限，申報經核准化學物質在108年之製造及輸入數量資訊,毒性及關注化學物質管理法第30條第3項,30000,否,,110/06/25,是
217,瑞巨塑膠工業股份有限公司,110/05/27,瑞巨塑膠工業股份有限公司違反毒性及關注化學物質管理法第30條第3項,未依新化學物質及既有化學物質資料登錄辦法第24條規定，在109年4月1日起至9月30日之申報期限，申報經核准化學物質在108年之製造及輸入數量資訊,毒性及關注化學物質管理法第30條第3項,30000,否,,110/06/25,是
216,義統創新股份有限公司,110/05/27,義統創新股份有限公司違反毒性及關注化學物質管理法第30條第3項,未依新化學物質及既有化學物質資料登錄辦法第24條規定，在109年4月1日起至9月30日之申報期限，申報經核准化學物質在108年之製造及輸入數量資訊,毒性及關注化學物質管理法第30條第3項,30000,否,,110/06/25,是
215,台灣福興工業股份有限公司,110/05/17,台灣福興工業股份有限公司土壤及地下水污染整治法第40條第3項,"本署執行台灣福興股份有限公司污染源追查工作，檢測出地下水中三氯乙烯最高濃度2.1 mg/L（管制標準0.05 mg/L）、順 -1,2-二氯乙烯最高濃度3.01 mg/L（管制標準0.7 mg/L）、氯乙烯最高濃度0.126 mg/L（管制標準0.02 mg/L）、總石油碳氫化合物(TPH)最高濃度23.8mg/L（管制標準10 mg/L），超過第二類地下水污染管制標準，並符合土壤及地下水污染場址初步評估暨等級評定辦法第8條第1項第1款規定。",土壤及地下水污染整治法第40條第3項,150000,否,,,
214,經濟部工業局,110/04/26,經濟部工業局環境影響評估法第17條,本署於110年2月2日派員辦理本案違規事項改善完成認定之監督查驗，發現航道浚深之土砂，仍回填於南碼頭區並覆蓋副產石灰，其違規狀態與本署前次裁處時相同，違法事實依然存在，故認定未完成改善。,環境影響評估法第17條,600000,否,,110/11/1,否
213,安美謙德環保股份有限公司,110/04/15,安美謙德環保股份有限公司違反水污染防治法及環境檢驗測定機構管理辦法,執行水質水量檢測類檢測過程虛偽不實,違反水污染防治法第23條第2項授權訂定環境檢驗測定機構管理辦法第24條第1項第8款，爰依同法第49條及同辦法第24條第2項第1款規定裁處及廢止3項檢測項目許可；及依環境教育法第23條之規定裁處環境講習。,3000000,是,,,無改善事項
212,安美謙德環保股份有限公司,110/04/15,安美謙德環保股份有限公司違反空氣污染防制法及環境檢驗測定機構管理辦法,執行空氣檢測類檢測過程虛偽不實,違反空氣污染防制法第49條第2項授權訂定環境檢驗測定機構管理辦法第24條第1項第8款規定，爰依同法第70條及同辦法第24條第2項第1款規定裁處及廢止4項檢測項目許可；並依環境教育法第23條之規定裁處環境講習。,1000000,是,,,無改善事項
211,新力美科技股份有限公司,110/04/01,新力美科技股份有限公司土壤及地下水污染整治法第40條第3項,"經109年度臺南市土壤及地下水污染調查及查證工作計畫採樣調查，查證土壤遭1,2-二氯苯污染、地下水遭1,2-二氯苯、1,4-二氯苯、氯苯、苯、1,2-二氯乙烷及氯乙烯污染，達相關污染物管制標準。本案場址鄰接臺南市新化區那菝林段1001-1等18筆地號土壤及地下水污染整治場址，歷年土地使用情形皆為荒地且無工廠設立運作，本案場址污染情形與前揭整治場址公告污染物相同，推斷係執行整治過程期間造成污染擴散所致，使本場址土地經公告為整治場址。",土壤及地下水污染整治法第40條第3項,150000,否,,,
210,茂圻股份有限公司總廠,110/03/25,茂圻股份有限公司總廠土壤及地下水污染整治法第28條第2項,受處分人產製整治費徵收物質，應依前述辦法規定申報繳納土壤及地下水污染整治費，已於105年3月21日通知其為整治費繳費人並追繳100年至104年之整治費，惟受處分人持續未繳納，且受處分人應於110年1月31日前儘速依法申報繳納105年第1季至106年第2季整治費及利息，經查受處分人迄今仍未繳納，核屬違反土壤及地下水污染整治法第39條規定。,土壤及地下水污染整治法第28條第2項,200000,否,,,
209,茂沂企業有限公司,110/03/25,茂沂企業有限公司土壤及地下水污染整治法第28條第2項,受處分人產製整治費徵收物質，應依前述辦法規定申報繳納土壤及地下水污染整治費，受處分人於110年1月31日前儘速依法申報繳納105年第1季至106年第2季整治費及利息，經查受處分人迄今仍未繳納，核屬違反土壤及地下水污染整治法第39條規定。,土壤及地下水污染整治法第28條第2項,200000,否,,,
208,頂倫合纖股份有限公司,110/03/15,頂倫合纖股份有限公司土壤及地下水污染整治法第28條第2項,受處分人於107年1-3月期間，產生土壤及地下水污染整治費（下稱整治費）徵收廢棄物，依土壤及地下水污染整治法第28條第2項及土壤及地下水污染整治費收費辦法第4條第1項規定，應於107年4月30日前申報及繳納整治費，本署並於107年6月8函請受處分人儘速完成申報及繳納整治費。經查受處分人逾90日(107年7月29日)仍未繳納，核屬違反土壤及地下水污染整治法第28條第2項規定。,土壤及地下水污染整治法第28條第2項,200000,否,,,
207,福誼企業股份有限公司,110/03/11,福誼企業股份有限公司土壤及地下水污染整治法第40條第3項,福誼企業股份有限公司造橋廠經本署執行「運作中高污染潛勢工廠土壤及地下水污染潛勢調查計畫（第三期）」調查，結果顯示共有2個土壤採樣點及2口地下水標準監測井重金屬分別達土壤(鎳)及地下水(鉻、鎳及鉬)污染管制標準。福誼企業股份有限公司主要從事廢棄化學品處理及製造，查其製程原料皆與前述調查結果污染物相符，又現場輸送管線、截流溝、廢水儲存區等設備皆老舊缺損等情況，致洩漏使福誼企業股份有限公司造橋廠土地經公告為整治場址。,土壤及地下水污染整治法第40條第3項,150000,否,,,
206,輝揚環境檢測股份有限公司,110/03/10,輝揚環境檢測股份有限公司違反空氣污染防制法及環境檢驗測定機構管理辦法,"執行本署公告NIEA A413.75C檢測方法盲樣測試，結果連續2次不合格。",違反空氣污染防制法第49條第2項授權訂定環境檢驗測定機構管理辦法第24條第1項第6款規定，爰依同法第70條規定裁處及限期改善，並依環境教育法第23條之規定裁處環境講習。,200000,否,,110/03/30,是
205,景泰順檢驗股份有限公司,110/03/04,景泰順檢驗股份有限公司違反水污染防治法及環境檢驗測定機構管理辦法,"執行本署公告檢測方法(NIEA W210.58A)水質水量檢測類檢測或數據處理過程虛偽不實","違反水污染防治法第23條第2項授權訂定環境檢驗測定機構管理辦法第24條第1項第8款，爰依同法第49條及同辦法第24條第2項第1款規定裁處及廢止檢測方法(NIEA W210.58A)許可；及依環境教育法第23條之規定裁處環境講習。",3000000,是,,,無改善事項
204,景泰順檢驗股份有限公司,110/03/04,景泰順檢驗股份有限公司違反飲用水管理條例及環境檢驗測定機構管理辦法,"未依本署公告檢測方法(NIEA E202.55B)之規定，執行飲用水檢測類樣品之檢驗測定業務。",違反飲用水管理條例第12條之1第2項授權訂定環境檢驗測定機構管理辦法第17條第1項第2款規定，爰依同條例第24條之1及同辦法第24條第1項第1款規定裁處，並依環境教育法第23條之規定裁處環境講習。,150000,是,,110/03/24,是
203,景泰順檢驗股份有限公司,110/03/04,景泰順檢驗股份有限公司違反廢棄物清理法及環境檢驗測定機構管理辦法,"未依本署公告檢測方法(NIEA R01.15C)之規定，執行廢棄物檢測類樣品之檢驗測定業務。",違反廢棄物清理法第43條第2項授權訂定環境檢驗測定機構管理辦法第17條第1項第2款規定，爰依同法第58條及同辦法第24條第1項第1款規定裁處；及依環境教育法第23條之規定裁處環境講習。,840000,否,,,無改善事項
202,景泰順檢驗股份有限公司,110/03/04,景泰順檢驗股份有限公司違反空氣污染防制法及環境檢驗測定機構管理辦法,"未依本署公告檢測方法(NIEA A101.76C及NIEA A205.11C)之規定，執行空氣檢測類樣品之檢驗測定業務。",違反空氣污染防制法第49條第2項授權訂定環境檢驗測定機構管理辦法第17條第1項第2款規定，爰依同法第70條第2款及同辦法第24條第1項第1款規定裁處，並依環境教育法第23條之規定裁處環境講習。,400000,是,,110/03/24,是
201,茂沂企業有限公司,110/02/18,茂沂企業有限公司土壤及地下水污染整治法第28條第2項,,土壤及地下水污染整治法第28條第2項,200000,否,,,
200,茂圻股份有限公司總廠,110/02/17,茂圻股份有限公司總廠土壤及地下水污染整治法第28條第2項,,土壤及地下水污染整治法第28條第2項,200000,否,,,
199,日揚環境工程有限公司,110/01/26,日揚環境工程有限公司違反土壤及地下水污染整治法及環境檢驗測定機構管理辦法,"執行「1,2-二氯乙烷:樣品製備與萃取方法－平衡狀態頂空處理法 (NIEA M157)/揮發性有機物檢測方法－氣相層析質譜儀法 (NIEA M711)」之盲樣測試結果，連續2次不合格。",違反土壤及地下水污染整治法第10條第2項授權訂定環境檢驗測定機構管理辦法第24條第1項第6款規定，爰依同法第42條第1項第1款規定裁處；及依環境教育法第23條之規定裁處環境講習。,50000,否,,,無改善事項
198,瑩諮科技股份有限公司,110/01/26,瑩諮科技股份有限公司違反土壤及地下水污染整治法及環境檢驗測定機構管理辦法,"執行「土壤及底泥中砷檢測方法－砷化氫原子吸收光譜法 (NIEA S310)」之盲樣測試結果，連續2次不合格。",違反土壤及地下水污染整治法第10條第2項授權訂定環境檢驗測定機構管理辦法第24條第1項第6款規定，爰依同法第42條第1項第1款規定裁處；及依環境教育法第23條之規定裁處環境講習。,50000,否,,,無改善事項
197,汎美檢驗科技有限公司,110/01/24,汎美檢驗科技有限公司違反空氣污染防制法及環境檢驗測定機構管理辦法,"執行「排放管道中氮氧化物自動檢測方法－氣體分析儀法(NIEA A411)」之盲樣測試結果，連續2次不合格。",違反空氣污染防制法第49條第2項授權訂定環境檢驗測定機構管理辦法第24條第1項第6款規定，爰依同法第70條規定裁處，並依環境教育法第23條之規定裁處環境講習。,200000,否,,,無改善事項
196,汎美檢驗科技有限公司,110/01/24,汎美檢驗科技有限公司違反空氣污染防制法及環境檢驗測定機構管理辦法,"執行「空氣中氮氧化物自動檢驗方法－化學發光法(NIEA A417)」之盲樣測試結果，連續2次不合格。",違反空氣污染防制法第49條第2項授權訂定環境檢驗測定機構管理辦法第24條第1項第6款規定，爰依同法第70條規定裁處，並依環境教育法第23條之規定裁處環境講習。,200000,否,,,無改善事項
195,汎美檢驗科技有限公司,110/01/24,汎美檢驗科技有限公司違反空氣污染防制法及環境檢驗測定機構管理辦法,"執行「空氣中二氧化硫自動檢驗方法－紫外光螢光法(NIEA A416)」之盲樣測試結果，連續2次不合格。",違反空氣污染防制法第49條第2項授權訂定環境檢驗測定機構管理辦法第24條第1項第6款規定，爰依同法第70條規定裁處，並依環境教育法第23條之規定裁處環境講習。,200000,否,,,無改善事項
194,汎美檢驗科技有限公司,110/01/24,汎美檢驗科技有限公司違反空氣污染防制法及環境檢驗測定機構管理辦法,"執行「排放管道中粒狀污染物採樣及其濃度之測定方法(NIEA A101)」之盲樣測試結果，連續2次不合格。",違反空氣污染防制法第49條第2項授權訂定環境檢驗測定機構管理辦法第24條第1項第6款規定，爰依同法第70條規定裁處，並依環境教育法第23條之規定裁處環境講習。,200000,否,,,無改善事項
193,新美檢驗科技有限公司,110/01/24,新美檢驗科技有限公司違反空氣污染防制法及環境檢驗測定機構管理辦法,"執行「排放管道中二氧化硫自動檢測方法－非分散性紅外光法、紫外光法、螢光法(NIEA A413.75C)」之盲樣測試結果，連續2次不合格。",違反空氣污染防制法第49條第2項授權訂定環境檢驗測定機構管理辦法第24條第1項第6款規定，爰依同法第70條規定裁處，並依環境教育法第23條之規定裁處環境講習。,200000,否,,,無改善事項
192,嘉興環境科技有限公司,110/01/22,嘉興環境科技有限公司違反水污染防治法及環境檢驗測定機構管理辦法,"執行「水中總溶解固體及懸浮固體檢測方法－103～105℃乾燥 (NIEA W210.58A)」之盲樣測試連續2次不合格。",違反水污染防治法第23條第2項授權訂定環境檢驗測定機構管理辦法第24條第1項第6款，爰依同法第49條規定裁處；及依環境教育法第23條之規定裁處環境講習。,30000,否,,,無改善事項
191,三普環境分析股份有限公司,110/01/14,三普環境分析股份有限公司違反空氣污染防制法及環境檢驗測定機構管理辦法,"執行排放管道中非甲烷總碳氫化合物(自動測定)(NIEA A723)之排氣含水量測定業務，檢測紀錄登載不實","違反空氣污染防制法第49條第2項授權訂定環境檢驗測定機構管理辦法第24條第1項第8款及第24條第2項第1款規定，爰依同法第70條第2款規定裁處及廢止許可證(NIEA A723)檢測項目，並依環境教育法第23條之規定裁處環境講習。",1000000,否,,,無改善事項
190,中環科技事業股份有限公司,110/01/08,中環科技事業股份有限公司違反空氣污染防制法及環境檢驗測定機構管理辦法,"執行「空氣中二氧化硫自動檢驗方法－紫外光螢光法(NIEA A416.13C)」之盲樣測試結果，連續2次不合格。",違反空氣污染防制法第49條第2項授權訂定環境檢驗測定機構管理辦法第24條第1項第6款規定，爰依同法第70條規定裁處，並依環境教育法第23條之規定裁處環境講習。,200000,否,,110/01/28,是
189,允能風力發電股份有限公司,109/12/18,允能風力發電股份有限公司環境影響評估法第17條,「109年11月19日第53號機組基礎打樁期間，2艘負責預警區之觀察船及船上鯨豚觀察員於打樁期間提早返港，開發單位以風場中其他2艘船隻遞補預警區之鯨豚觀察任務，惟查該2艘遞補船隻上未有具鯨豚觀察員等相關資格之人員，且遞補船隻配置亦未於1500公尺預警區範圍，無法有效監看鯨豚是否出現於預警區內。」，與本案環境影響說明書8.1.1.1節，第8-2頁「鯨豚觀察員監看：打樁期間並於750公尺警戒區4個方位配置觀察船，1500公尺預警區增加設置2艘觀察船，每艘船配置2位以上鯨豚生態觀察員，在基礎打樁過程持續觀察…」所載內容不符。,環境影響評估法第17條,400000,否,,,
188,琨鼎環境科技股份有限公司,109/11/23,琨鼎環境科技股份有限公司違反空氣污染防制法及環境檢驗測定機構管理辦法,執行排放管道中粒狀污染物檢測之採樣技術評鑑(比測)結果，連續二次不合格,違反空氣污染防制法第49條第2項授權訂定環境檢驗測定機構管理辦法第24條第1項第6款規定，爰依同法第70條第2款規定裁處，並依環境教育法第23條之規定裁處環境講習。,200000,否,,,無改善事項
187,台灣中油股份有限公司,109/10/14,台灣中油股份有限公司土壤及地下水污染整治法第40條第3項,"受處分人行為致土壤中總石油碳氫化合物15,500mg/kg（管制標準1,000mg/kg)，地下水中總石油碳氫化合物21.7mg/L(管制標準10mg/L)、甲基第三丁基醚31.5mg/L(管制標準1.0mg/L)及苯1.08mg/L(管制標準0.050mg/L)均超過管制標準，土地經公告為污染整治場址。",土壤及地下水污染整治法第40條第3項,150000,否,,,
186,安美馦德環保股份有限公司,109/10/12,安美馦德環保股份有限公司違反飲用水管理條例及環境檢驗測定機構管理辦法,未依檢驗室管理手冊執行其業務,違反飲用水管理條例第12條之1第2項授權訂定環境檢驗測定機構管理辦法第17條第1項第3款規定，爰依同條例第24條之1規定裁處，並依環境教育法第23條之規定裁處環境講習。,100000,否,,109/11/03,是
185,財團法人石材暨資源產業研究發展中心,109/10/12,財團法人石材暨資源產業研究發展中心違反水污染防治法及環境檢驗測定機構管理辦法,未依管理手冊之規定，執行水質水量檢測類化學需氧量樣品檢測。,違反水污染防治法第23條第2項授權訂定環境檢驗測定機構管理辦法第17條第1項第3款，爰依同法第49條及同辦法第24條第1項第2款規定裁處及限期改善；及依環境教育法第23條之規定裁處環境講習。,60000,否,,109/10/29,是
184,台旭環境科技中心股份有限公司,109/09/28,台旭環境科技中心股份有限公司違反土壤及地下水污染整治法及環境檢驗測定機構管理辦法,未依公司檢驗室標準作業程序之規定，執行土壤檢測類之土壤中揮發性有機化合物採樣作業。,違反土壤及地下水污染整治法第10條第2項授權訂定環境檢驗測定機構管理辦法第17條第1項第2款規定，爰依同法第42條第1項第1款及同辦法第24條第1項第1款規定裁處；及依環境教育法第23條之規定裁處環境講習。,50000,否,,109/10/18,是
183,嘉興環境科技有限公司,109/09/04,嘉興環境科技有限公司違反水污染防治法及環境檢驗測定機構管理辦法,"未依檢測方法(NIEA W510.55B)之規定，執行水質水量檢驗類之水中化學需氧量之檢驗測定業務。",違反水污染防治法第23條第2項授權訂定環境檢驗測定機構管理辦法第17條第1項第2款，爰依同法第49條規定裁處及限期改善；及依環境教育法第23條之規定裁處環境講習。,30000,否,,109/09/25,是
182,嘉興環境科技有限公司,109/09/04,嘉興環境科技有限公司違反空氣污染防制法及環境檢驗測定機構管理辦法,"未依本署公告檢測方法(NIEA A432.74C)之規定，執行空氣檢測類樣品之檢驗測定業務。",違反空氣污染防制法第49條第2項授權訂定環境檢驗測定機構管理辦法第17條第1項第2款規定，爰依同法第70條規定裁處及限期改善，並依環境教育法第23條之規定裁處環境講習。,200000,否,,109/09/25,是
181,嘉興環境科技有限公司,109/09/04,嘉興環境科技有限公司違反空氣污染防制法及環境檢驗測定機構管理辦法,未依檢驗室標準作業程序之規定，執行空氣檢測類樣品之檢驗測定業務。,違反空氣污染防制法第49條第2項授權訂定環境檢驗測定機構管理辦法第17條第1項第2款規定，爰依同法第70條規定裁處及限期改善，並依環境教育法第23條之規定裁處環境講習。,200000,否,,109/09/25,是
180,淇荃環保科技有限公司,109/08/14,淇荃環保科技有限公司違反空氣污染防制法及環境檢驗測定機構管理辦法,環境檢測機構管理資訊系統之檢測行程申報，申報人員及人數與現場情形不一致，且有未申報人員,違反空氣污染防制法第49條第2項授權訂定環境檢驗測定機構管理辦法第17條第1項第6款規定，爰依同辦法第24條第1項第3款規定記違規一次。,,否,,,無改善事項
179,淇荃環保科技有限公司,109/08/14,淇荃環保科技有限公司違反空氣污染防制法及環境檢驗測定機構管理辦法,未依本署公告檢測方法執行設備元件揮發性有機洩漏之檢測業務,違反空氣污染防制法第49條第2項授權訂定環境檢驗測定機構管理辦法第17條第1項第2款規定，爰依同法第70條及同辦法第24條第1項第1款規定裁處及限期改善，並依環境教育法第23條之規定裁處環境講習。,400000,否,,109/09/03,未屆改善期限
178,淇荃環保科技有限公司,109/08/14,淇荃環保科技有限公司違反空氣污染防制法及環境檢驗測定機構管理辦法,未依檢驗室品質管理手冊規定執行檢測作業,違反空氣污染防制法第49條第2項授權訂定環境檢驗測定機構管理辦法第17條第1項第3款規定，爰依同法第70條及同辦法第24條第1項第1款規定裁處及限期改善，並依環境教育法第23條之規定裁處環境講習。,200000,否,,109/09/03,未屆改善期限
177,淇荃環保科技有限公司,109/08/14,淇荃環保科技有限公司違反土壤及地下水污染整治法及環境檢驗測定機構管理辦法,未依本署公告檢測方法執行地下水中揮發性有機化合物檢測,違反土壤及地下水污染整治法第10條第2項授權訂定環境檢驗測定機構管理辦法第17條第1項第2款規定，爰依同法第42條第1項第1款及同辦法第24條第1項第1款規定裁處；及依環境教育法第23條之規定裁處環境講習。,50000,否,,109/09/03,未屆改善期限
176,中環科技事業股份有限公司,109/07/14,中環科技事業股份有限公司違反飲用水管理條例及環境檢驗測定機構管理辦法,未依檢測方法執行飲用水檢測類之水中氫離子濃度指數樣品檢測作業,違反飲用水管理條例第12條之1第2項授權訂定環境檢驗測定機構管理辦法第17條第1項第2款規定，爰依同條例第24條之1及同辦法第24條第1項第1款規定裁處，並依環境教育法第23條之規定裁處環境講習。,50000,否,,109/08/04,是
175,森品環境科技股份有限公司,109/07/06,森品環境科技股份有限公司違反水污染防治法及環境檢驗測定機構管理辦法,未依本署檢測公告方法執行土壤氣體監測井中油氣檢測作業,違反水污染防治法第23條第2項授權訂定環境檢驗測定機構管理辦法第17條第1項第2款，爰依同法第49條規定裁處及限期改善；及依環境教育法第23條之規定裁處環境講習。,30000,否,,109/07/28,是
174,景泰順檢驗股份有限公司,109/07/03,景泰順檢驗股份有限公司違反土壤及地下水污染整治法及環境檢驗測定機構管理辦法,未依本署公告檢測方法及標準作業程序執行地下水檢測業務,違反土壤及地下水污染整治法第10條第2項授權訂定環境檢驗測定機構管理辦法第17條第1項第2款規定，爰依同法第42條第1項第1款及同辦法第24條第1項第1款規定裁處；及依環境教育法第23條之規定裁處環境講習。,50000,否,,109/07/24,是
173,景泰順檢驗股份有限公司,109/07/03,景泰順檢驗股份有限公司違反水污染防治法及環境檢驗測定機構管理辦法,未依檢驗室管理手冊之規定出具水質水量檢測類檢測報告,違反水污染防治法第23條第2項授權訂定環境檢驗測定機構管理辦法第17條第1項第3款，爰依同法第49條及同辦法第24條第1項第2款規定裁處及限期改善；及依環境教育法第23條之規定裁處環境講習。,30000,否,,109/07/24,是
172,台宇環境科技股份有限公司,109/06/19,台宇環境科技股份有限公司違反空氣污染防制法及環境檢驗測定機構管理辦法,未依本署公告檢測方法執行排放管道中異味污染物及空氣中異味污染物檢測,違反空氣污染防制法第49條第2項授權訂定環境檢驗測定機構管理辦法第17條第1項第2款規定，爰依同法第70條及同辦法第24條第1項第1款規定裁處及限期改善，並依環境教育法第23條之規定裁處環境講習。,200000,否,,109/07/10,是
171,財團法人中山醫學大學,109/06/03,財團法人中山醫學大學違反空氣污染防制法及環境檢驗測定機構管理辦法,未依環境檢驗測定機構管理辦法規定辦理檢驗人員離職變更登記，一年內累寄計達三人次,違反空氣污染防制法第49條第2項授權訂定環境檢驗測定機構管理辦法第19條第1項及第24條第1項第4款規定，爰依同法第70條規定裁處，並依環境教育法第23條之規定裁處環境講習。,200000,否,,,無改善事項
170,穎德硬鉻有限公司,109/06/03,穎德硬鉻有限公司土壤及地下水污染整治法第40條第3項,"受處分人之行為致土壤中重金屬鉻檢測值最高為3,600毫克/公斤（土壤污染管制標準為250毫克/公斤）、地下水中重金屬鉻檢測值最高為104毫克/公升（地下水污染管制標準為0.5毫克/公升），達土壤污染管制標準及地下水污染管制標準，土地經公告為土壤及地下水污染整治場址。",土壤及地下水污染整治法第40條第3項,150000,否,,,
169,經濟部工業局,109/05/19,經濟部工業局環境影響評估法第17條,"本署於109年2月6日執行「雲林離島式基礎工業區麥寮工業專用港變更計畫環境影響說明書」環評監督，發現貴局98年至99年間將航道浚深至設計水深施工期間之部分土砂（數量約73萬0,739立方公尺），回填至南碼頭區進行填砂造陸，並於其上覆蓋2萬6,875立方公尺副產石灰，填築料源及南碼頭區配置與環評書件所載內容不符。",環境影響評估法第17條,600000,否,,110/01/20,否
168,台一五金工業股份有限公司,109/05/06,台一五金工業股份有限公司土壤及地下水污染整治法第40條第3項,"受處分人行為致土壤中銅5,000mg/Kg（管制標準400mg/Kg）及鎳15,300mg/Kg（管制標準200mg/Kg），地下水中鎳18.3mg/L（管制標準1.0mg/L）均超過管制標準，土地經公告為污染整治場址。",土壤及地下水污染整治法第40條第3項,150000,否,,,
167,榮工大發環保股份有限公司,109/03/24,榮工大發環保股份有限公司違反廢棄物清理法及環境檢驗測定機構管理辦法,未依檢驗室管理手冊執行廢棄物檢測類之檢測報告出具,違反廢棄物清理法第43條第2項授權訂定環境檢驗測定機構管理辦法第17條第1項第3款規定，爰依同法第58條規定裁處及限期改善；及依環境教育法第23條之規定裁處環境講習。,60000,否,,109/05/07,是
166,榮工大發環保股份有限公司,109/03/24,榮工大發環保股份有限公司違反廢棄物清理法及環境檢驗測定機構管理辦法,未依本署公告檢測方法執行廢棄物檢測類之事業廢棄物毒性溶出程序作業,違反廢棄物清理法第43條第2項授權訂定環境檢驗測定機構管理辦法第17條第1項第2款規定，爰依同法第58條規定裁處及限期改善；及依環境教育法第23條之規定裁處環境講習。,60000,否,,109/05/07,是
165,榮工大發環保股份有限公司,109/03/24,榮工大發環保股份有限公司違反水污染防治法及環境檢驗測定機構管理辦法,未依檢驗室管理手冊執行水質水量檢測類之水中懸浮固體檢測作業,違反水污染防治法第23條第2項授權訂定環境檢驗測定機構管理辦法第17條第1項第3款，爰依同法第49條規定裁處及限期改善；及依環境教育法第23條之規定裁處環境講習。,450000,否,,109/05/07,是
164,榮工大發環保股份有限公司,109/03/24,榮工大發環保股份有限公司違反水污染防治法及環境檢驗測定機構管理辦法,未依檢測方法及檢驗室標準作業程序執行水質水量檢驗類之水中懸浮固體及化學需氧量樣品檢測作業,違反水污染防治法第23條第2項授權訂定環境檢驗測定機構管理辦法第17條第1項第2款，爰依同法第49條規定裁處及限期改善；及依環境教育法第23條之規定裁處環境講習。,240000,否,,109/05/07,是
163,建元環保科技有限公司,109/03/24,建元環保科技有限公司違反空氣污染防制法及環境檢驗測定機構管理辦法,未依公司檢驗室管理手冊第12章紀錄管制之規定執行檢測作業。,違反空氣污染防制法第49條第2項授權訂定環境檢驗測定機構管理辦法第17條第1項第2款規定，爰依同辦法第24條第1項第款及同法第70條第2款規定裁處及限期改善，並依環境教育法第23條之規定裁處環境講習。,600000,否,,109/04/13,是
162,交通部高速公路局,109/03/17,交通部高速公路局環境影響評估法第17條,本案環境監測計畫部分項目未執行及未裝設監測設備，與「第二高速公路後續計畫環境影響評估報告（新營－屏東段）環境影響差異分析報告（國道3號田寮3號高架橋及中寮隧道長期改善工程）」第3-10頁至第3-15頁「…施工期間地質安全監測計畫之項目、位置及監測頻率等請參見表3.2-2。…針對地質安全之長期監測內容請參見表3.2-4、圖3.2-2。」所載內容不符。,環境影響評估法第17條,300000,否,,109/05/20,否
161,交通部高速公路局,109/03/06,交通部高速公路局環境影響評估法第17條,未依環評承諾執行環境管理計畫，與本開發案環境影響說明書定稿本第8-6頁8.1.7交通維持第一項「...施工前擬定施工地區交通維持計畫，送請工程司核定，必要時送請當地交通主管機關核可。」，及第8-7頁8.1.8景觀及遊憩第(二)項「...施工前檢具「營建工地逕流廢水污染削減計畫」報主管機關核備後據以實施。」所載內容不符。,環境影響評估法第17條,300000,否,,,
160,建利環保顧問股份有限公司,109/03/04,建利環保顧問股份有限公司違反水污染防治法及環境檢驗測定機構管理辦法,未依檢驗室管理手冊遞12章紀錄管制之規定執行水質水量檢測類之水中總溶解固體及懸浮固體檢測作業,違反水污染防治法第23條第2項授權訂定環境檢驗測定機構管理辦法第17條第1項第3款，爰依同法第49條規定裁處及限期改善；及依環境教育法第23條之規定裁處環境講習。,150000,否,,109/03/26,是
159,建利環保顧問股份有限公司,109/03/04,建利環保顧問股份有限公司違反水污染防治法及環境檢驗測定機構管理辦法,"未依檢測方法「水中生化需氧量檢測方法 (NIEA W510.55B)」「水中大腸桿菌群檢測方法－濾膜法 (NIEA E202.55B)」「水中銀、鎘、鉻、銅、鐵、錳、鎳、鉛及鋅檢測方法－火焰式原子吸收光譜法 (NIEA W306.55A)」執行水質水量檢測類之樣品分析",違反水污染防治法第23條第2項授權訂定環境檢驗測定機構管理辦法第17條第1項第2款，爰依同法第49條規定裁處及限期改善；及依環境教育法第23條之規定裁處環境講習。,90000,否,,109/03/26,是
158,玉群環境科技有限公司,109/02/27,玉群環境科技有限公司違反水污染防治法及環境檢驗測定機構管理辦法,"未依本署公告檢測方法「水中溶解性鐵、錳檢測方法－火焰式原子吸收光譜法 (NIEA W305.53A)」之規定，執行水質水量檢測類水中溶解性鐵樣品之檢驗測定業務",違反水污染防治法第23條第2項授權訂定環境檢驗測定機構管理辦法第17條第1項第2款，爰依同法第49條規定裁處及限期改善；及依環境教育法第23條之規定裁處環境講習。,30000,否,,109/03/19,是
157,玉群環境科技有限公司,109/02/27,玉群環境科技有限公司違反土壤及地下水污染整治法及環境檢驗測定機構管理辦法,"未依本署公告檢測方法「水中金屬及微量元素檢測方法－感應耦合電漿原子發射光譜法 (NIEA W311.54C)」之規定，執行地下水檢測類樣品之檢驗測定業務",違反土壤及地下水污染整治法第10條第2項授權訂定環境檢驗測定機構管理辦法第17條第1項第2款規定，爰依同法第42條第1項第1款規定裁處及限期改善；及依環境教育法第23條之規定裁處環境講習。,50000,否,,109/03/19,是
156,玉群環境科技有限公司,109/02/27,玉群環境科技有限公司違反空氣污染防制法及環境檢驗測定機構管理辦法,"未依本署公告檢測方法「排放管道中粒狀污染物採樣及其濃度之測定方法 (NIEA A101.75C)」之規定，執行空氣檢測類樣品之檢驗測定業務",違反空氣污染防制法第49條第2項授權訂定環境檢驗測定機構管理辦法第17條第1項第2款規定，爰依同辦法第24條第1項第1款及同法第70條第2款規定裁處及限期改善，並依環境教育法第23條之規定裁處環境講習。,200000,否,,109/03/19,是
155,泰興硬鉻股份有限公司,109/02/24,泰興硬鉻股份有限公司土壤及地下水污染整治法第40條第3項,"本署執行運作中高污染潛勢工廠土壤及地下水污染潛勢調查計畫(第三期)於108年3月27日、28日及7月8日辦理旨揭公司土壤及地下水污染查證，檢測結果土壤中重金屬鉻（18,600mg/Kg）、銅（637mg/Kg）及地下水中鉻（257mg/L）達污染管制標準，致使泰興硬鉻股份有限公司所在土地公告為土壤及地下水污染整治場址。",土壤及地下水污染整治法第40條第3項,150000,否,,,
154,綠山林開發事業股份有限公司,109/02/17,綠山林開發事業股份有限公司違反水污染防治法及環境檢驗測定機構管理辦法,"執行水質水量檢測類「鎘:水中銀、鎘、鉻、銅、鐵、錳、鎳、鉛及鋅檢測方法－火焰式原子吸收光譜法 (NIEA W306.55A)」盲樣測試連續2次不合格",違反水污染防治法第23條第2項授權訂定環境檢驗測定機構管理辦法第24條第1項第6款，爰依同法第49條規定裁處；及依環境教育法第23條之規定裁處環境講習。,30000,否,,,無改善事項
153,南台灣環境科技股份有限公司,109/02/15,南台灣環境科技股份有限公司違反水污染防治法及環境檢驗測定機構管理辦法,"執行水質水量檢測類「鉻:水中銀、鎘、鉻、銅、鐵、錳、鎳、鉛及鋅檢測方法－火焰式原子吸收光譜法 (NIEA W306)」盲樣測試連續2次不合格",違反水污染防治法第23條第2項授權訂定環境檢驗測定機構管理辦法第24條第1項第6款，爰依同法第49條規定裁處；及依環境教育法第23條之規定裁處環境講習。,30000,否,,,無改善事項
152,華光工程顧問股份有限公司,109/02/15,華光工程顧問股份有限公司違反飲用水管理條例及環境檢驗測定機構管理辦法,"執行飲用水檢測類「自由有效餘氯:水中餘氯檢測方法-分光光度計法 NIEA W408.51A)」1項盲樣測試連續2次不合格",違反飲用水管理條例第12條之1第2項授權訂定環境檢驗測定機構管理辦法第24條第1項第6款規定，爰依同條例第24條之1規定裁處，並依環境教育法第23條之規定裁處環境講習。,50000,否,,,無改善事項
151,森品環境科技股份有限公司,109/02/04,森品環境科技股份有限公司違反土壤及地下水污染整治法及環境檢驗測定機構管理辦法,"執行土壤採樣作業未依本署公告方法「土壤採樣方法(NIEA S102.63B)」之規定執行檢測",違反土壤及地下水污染整治法第10條第2項授權訂定環境檢驗測定機構管理辦法第17條第1項第2款規定，爰依同法第42條第1項第1款規定裁處；及依環境教育法第23條之規定裁處環境講習。,250000,否,,,無改善事項
150,臺灣港務股份有限公司基隆港務分公司,109/01/08,臺灣港務股份有限公司基隆港務分公司環境影響評估法第17條,108年9月3日本署執行環境影響評估監督，發現本案未依環評書件所載內容執行環境保護對策，與「臺?港南外堤內側碼頭區設置自由貿?港區開發計畫環境影響說明書」第8-5頁土方材料堆置場所，將舖設遮雨、擋雨及導雨設施...及維修區地面將採不透水舖面，以防止廢油滲漏污染...等所載內容不符。,環境影響評估法第17條,300000,否,,,
149,新美檢驗科技有限公司,108/12/13,新美檢驗科技有限公司違反空氣污染防制法及環境檢驗測定機構管理辦法,未依檢測方法及檢驗室標準作業程序執行揮發性有機物洩漏檢測,,200000,否,,109/01/06,是
148,財團法人成大研究發展基金會,108/12/05,財團法人成大研究發展基金會違反水污染防治法及環境檢驗測定機構管理辦法,水質水量檢測類重金屬樣品未依管理手冊之規定執行檢測業務,違反水污染防治法第23條第2項授權訂定環境檢驗測定機構管理辦法第17條第1項第3款，爰依同法第49條規定裁處及限期改善；及依環境教育法第23條之規定裁處環境講習。,90000,否,,108/12/26,是
147,芃展環境股份有限公司,108/10/22,芃展環境股份有限公司違反水污染防治法及環境檢驗測定機構管理辦法,"未依檢測方法「水中銀、鎘、鉻、銅、鐵、錳、鎳、鉛及鋅檢測方法－火焰式原子吸收光譜法 (NIEA W306.55A)」規定，執行水質水量檢測類監測類重金屬檢測項目3件樣品採樣保存之之檢測業務。",違反水污染防治法第23條第2項授權訂定環境檢驗測定機構管理辦法第17條第1項第2款，爰依同法第49條規定裁處及限期改善；及依環境教育法第23條之規定裁處環境講習。,30000,否,,108/11/15,是
146,芃展環境股份有限公司,108/10/22,芃展環境股份有限公司違反飲用水管理條例及環境檢驗測定機構管理辦法,未依標準作業程序之規定，執行飲用水檢測類胰化蛋白?葡萄糖抽出物(TGE)培養基有效保存期限之檢測業務,違反飲用水管理條例第12條之1第2項授權訂定環境檢驗測定機構管理辦法第17條第1項第2款，爰依同法第24條之1規定裁處及限期改善；及依環境教育法第23條之規定裁處環境講習。,50000,否,,108/11/15,是
145,芃展環境股份有限公司,108/10/22,芃展環境股份有限公司違反飲用水管理條例及環境檢驗測定機構管理辦法,未依管理手冊執行飲用水檢測類微生物培養基配製記錄之情事,違反飲用水管理條例第12條之1第2項授權訂定環境檢驗測定機構管理辦法第17條第1項第3款，爰依同法第24條之1規定裁處及限期改善；及依環境教育法第23條之規定裁處環境講習。,50000,否,,108/11/15,是
144,清華科技檢驗股份有限公司,108/10/04,清華科技檢驗股份有限公司違反空氣污染防制法及環境檢驗測定機構管理辦法,未依檢驗室之標準作業程序執行空氣檢測類之排放管道中粒狀污染物採樣作業,違反空氣污染防制法第49條第2項授權訂定環境檢驗測定機構管理辦法第17條第1項第2款規定，爰依同辦法第24條第1項第1款及同法第70條第2款規定裁處及限期改善，並依環境教育法第23條之規定裁處環境講習。,400000,否,,108/10/26,是
143,三普環境分析股份有限公司,108/09/17,三普環境分析股份有限公司違反土壤及地下水污染整治法及環境檢驗測定機構管理辦法,"執行地下水採樣作業，未依監測井地下水採樣方法(NIEA W103)九、品質管制(一)之規定執行設備空白",違反土壤及地下水污染整治法第10條第2項授權訂定環境檢驗測定機構管理辦法第17條第1項第2款規定，爰依同法第42條第1項第1款規定裁處及限期改善；及依環境教育法第23條之規定裁處環境講習。,50000,否,,108/10/09,是
142,中欣行股份有限公司,108/09/16,中欣行股份有限公司違反水污染防治法及環境檢驗測定機構管理辦法,"水質水量檢測類揮發性有機化合物樣品未依?事業放流水採樣方法(NIEA 109.52B)?之規定執行採樣業務",違反水污染防治法第23條第2項授權訂定環境檢驗測定機構管理辦法第17條第1項第2款，爰依同法第49條規定裁處；及依環境教育法第23條之規定裁處環境講習。,30000,否,,108/10/04,是
141,財團法人元智大學,108/09/05,財團法人元智大學違反飲用水管理條例及環境檢驗測定機構管理辦法,"執行飲用水中大腸桿菌群檢測58件樣品為一本署公告方法?飲用水中大腸桿菌群檢測方法(NIEA E230.55B)?之規定執行檢測",違反飲用水管理條例第12條之1第2項授權訂定環境檢驗測定機構管理辦法第17條第1項第2款，爰依同法第24條之1規定裁處及限期改善；及依環境教育法第23條之規定裁處環境講習。,150000,否,,108/09/27,是
140,財團法人元智大學,108/09/05,財團法人元智大學違反廢棄物清理法及環境檢驗測定機構管理辦法,"執行廢棄物中重金屬檢測3件樣品未依本署公告方法?事業廢棄物毒性特性溶出程序方法(NIEA R201.15C)?之規定執行檢測",違反廢棄物清理法第43條第2項授權訂定環境檢驗測定機構管理辦法第17條第1項第2款規定，爰依同法第58條規定裁處及限期改善；及依環境教育法第23條之規定裁處環境講習。,60000,否,,108/09/27,是
139,華光工程顧問股份有限公司,108/09/02,華光工程顧問股份有限公司違反水污染防治法及環境檢驗測定機構管理辦法,"執行水質水量檢測類檢測項目氨氮3件樣品，未依事業放流水採樣方法(NIEA 109.52B)附表各種檢驗項目採樣及保存方法之規定添加保存劑",違反水污染防治法第23條第2項授權訂定環境檢驗測定機構管理辦法第17條第1項第2款，爰依同法第49條規定裁處；及依環境教育法第23條之規定裁處環境講習。,30000,否,,108/09/23,是
138,華光工程顧問股份有限公司,108/09/02,華光工程顧問股份有限公司違反水污染防治法及環境檢驗測定機構管理辦法,未依檢驗室管理手冊第12章記錄管制之規定，執行水質水量檢測類檢測項目生化需氧量(BOD)86件樣品，未保留原始溶氧之不同稀釋倍數之原始數據,違反水污染防治法第23條第2項授權訂定環境檢驗測定機構管理辦法第17條第1項第3款，爰依同法第49條規定裁處；及依環境教育法第23條之規定裁處環境講習。,180000,否,,108/09/23,是
137,華光工程顧問股份有限公司,108/09/02,華光工程顧問股份有限公司違反土壤及地下水污染整治法及環境檢驗測定機構管理辦法,"執行地下水檢測類地下水採樣3件樣品，未依檢測方法?監測井地下水採樣方法(NIEA W103.54B)?於空白樣品添加酸保存劑",違反土壤及地下水污染整治法第10條第2項授權訂定環境檢驗測定機構管理辦法第17條第1項第2款規定，爰依同法第42條第1項第1款及第2項規定裁處及限期改善；及依環境教育法第23條之規定裁處環境講習。,50000,否,,108/09/23,是
136,海洋風力發電股份有限公司,108/08/28,海洋風力發電股份有限公司環境影響評估法第17條,打樁作業期間警戒區或監測區未能配有足夠之觀察員或鯨豚觀察員，與本案環境影響說明書8.1.1.1節所載：「警戒區和監測區設置觀察船在基礎打樁時進行監測...。」「設置觀察船需依照總監測範圍面積及訓練有素的海上鯨豚觀察員視線範圍約1公里計算...警戒區周圍設置2艘船位置於2公里邊長正方形航線以順時鐘或逆時鐘方式巡航，...監測區每4平方公里設置1艘船...總監測範圍36平方公里，總共需要10艘觀察船」不符，違反環境影響評估法第17條規定。,環境影響評估法第17條,1500000,否,,,
135,精湛檢驗科技股份有限公司,108/08/27,精湛檢驗科技股份有限公司違反空氣污染防制法及環境檢驗測定機構管理辦法,未依檢驗室管理手冊執行排放管道硫酸液滴檢測作業,違反空氣污染防制法第49條第2項授權訂定環境檢驗測定機構管理辦法第17條第1項第3款規定，爰依同辦法第24條第1項第1款及同法第70條第2款規定裁處及限期改善，並依環境教育法第23條之規定裁處環境講習。,400000,否,,108/09/18,是
134,台灣中油股份有限公司探採事業部,108/08/19,台灣中油股份有限公司探採事業部土壤及地下水污染整治法第40條第3項,"環保局以「108年度土壤及地下水污染調查及查證工作計畫-苗栗縣」針對鐵砧山礦場伴產水製程區及周遭進行緊急應變進行現場調查，結果顯示有下列達管制標準之污染情形，分別為土壤總石油碳氫化合物達1,270mg/kg；地下水總石油碳氫化合物43.6mg/L、甲苯13.6mg/L、苯15.8mg/L及?1.26mg/L，致台灣中油股份有限公司探採事業部-採油工程處鐵砧山礦場為土壤及地下水污染整治場址。",土壤及地下水污染整治法第40條第3項,150000,否,,,
133,中央研究院-國家生技研究園區開發計畫,108/08/12,中央研究院-國家生技研究園區開發計畫環境影響評估法第17條,樹木銀行之楓香間植距離不足，存活率過低，與原環境影響說明書8-24頁所載內容「…以間植距離4*4m2估算，預計可容納500株喬木…」、附22-15頁4.6喬木移植作業流程「…胸高直徑10~20cm之楓香成活率可達80~90%，胸高直徑20~30cm者則為70~80%左右…」不符。,環境影響評估法第17條,300000,否,,,
132,衛宇檢驗科技股份有限公司,108/08/07,衛宇檢驗科技股份有限公司違反水污染防治法及環境檢驗測定機構管理辦法,"執行水質水量檢測類?水量:水量測定方法-流速計法(NIEA W022)?採樣技術評鑑連續2次不合格",違反水污染防治法第23條第2項授權訂定環境檢驗測定機構管理辦法第24條第1項第6款，爰依同法第49條規定裁處；及依環境教育法第23條之規定裁處環境講習。,30000,否,,,
131,琨鼎環境科技股份有限公司,108/07/26,琨鼎環境科技股份有限公司違反噪音管制法及環境檢驗測定機構管理辦法,未依檢驗室管理手冊執行噪音監測作業(噪音監測縣常狀況紀錄表未填寫完整，噪音計檢查確認紀錄表未填寫),違反噪音管制法第20條第2項授權訂定環境檢驗測定機構管理辦法第17條第1項第3款，爰依同法第32條第2項及同辦法第24條第1項第2款規定裁處及限期改善；及依環境教育法第23條之規定裁處環境講習。,10000,否,,108/08/16,是
130,經濟部工業局,108/07/22,經濟部工業局環境影響評估法第17條,"1.本案104年至106年營運期間航道疏浚砂量分別為452萬0,103、673萬1,373及437萬2,940立方公尺，其中運至南側海域養灘砂量分別為93萬8,017、94萬8,713及62萬5,751立方公尺外，剩餘約3、4百萬立方公尺砂方皆運至港域內堤頭刷深處直接投放，其航道疏浚砂方數量、處理方式及地點皆與環評書件所載內容不符。2.貴局98年至99年間將航道浚深至設計水深施工期間之部分土砂（數量約73萬0,739立方公尺），回填至南碼頭區進行填砂造陸，並於其上覆蓋2萬6,875立方公尺副產石灰，填築料源及南碼頭區配置與環評書件所載內容不符。",環境影響評估法第17條,400000,否,,109/01/31,否
129,玉山環境科技有限公司,108/07/18,玉山環境科技有限公司違反水污染防治法及環境檢驗測定機構管理辦法,未依檢驗室管理手冊之規定，執行水質水量檢測類檢測項目懸浮固體、生化需氧量共82件樣品未保留原始檢驗紀錄,違反水污染防治法第23條第2項授權訂定環境檢驗測定機構管理辦法第17條第1項第2款，爰依同法第49條規定裁處；及依環境教育法第23條之規定裁處環境講習。,180000,否,,108/08/09,是
128,安美馦德環保股份有限公司,108/07/17,安美馦德環保股份有限公司違反空氣污染防制法及環境檢驗測定機構管理辦法,"未依本署公告檢測方法(NIEA A101)執行空氣檢測類之排放管道採樣作業",違反空氣污染防制法第49條第2項授權訂定環境檢驗測定機構管理辦法第17條第1項第2款規定，爰依同辦法第24條第1項第1款及同法第70條第2款規定裁處及限期改善，並依環境教育法第23條之規定裁處環境講習。,400000,否,,108/08/06,是
127,捷博科技股份有限公司,108/07/12,捷博科技股份有限公司違反土壤及地下水污染整治法及環境檢驗測定機構管理辦法,未依本署公告檢測方法及標準作業程序執行地下水採樣檢測業務,違反土壤及地下水污染整治法第10條第2項授權訂定環境檢驗測定機構管理辦法第17條第1項第2款規定，爰依同法第42條第1項第1款規定裁處及限期改善；及依環境教育法第23條之規定裁處環境講習。,50000,否,,108/08/02,是
126,亞太環境科技股份有限公司,108/07/03,亞太環境科技股份有限公司違反土壤及地下水污染整治法及環境檢驗測定機構管理辦法,"未依檢測方法「水中總溶解固體及懸浮固體檢測方法－103～105℃乾燥 (NIEA W210.58A)」規定，執行地下水檢測類監測類監測井地下水採樣之檢測業務。",違反土壤及地下水污染整治法第10條第2項授權訂定環境檢驗測定機構管理辦法第17條第1項第2款規定，爰依同法第42條第1項第1款規定裁處及限期改善；及依環境教育法第23條之規定裁處環境講習。,100000,否,,108/07/24,是
125,臺南市政府,108/06/07,臺南市政府環境影響評估法第17條,永康科技工業區廢水處理廠代處理區外之廢水，進場時未於每貯存容器採集樣品分析、貯存容器（結構框架）及周側四面未標示顏色，區別貯存物屬性及類別；未建立廢水（液）進廠、卸料及暫存登錄統計，與「永康科技工業區開發計畫環境影響說明書」第三次變更內容對照表」中記載，接受區外廢水操作管理及維護之承諾（第17頁及第18頁）不符。,環境影響評估法第17條,300000,否,,108/06/28,否
124,台灣電力股份有限公司,108/06/06,台灣電力股份有限公司環境影響評估法第17條,本案開發計畫新1號機業於107年2月13日取得電業執照，而既有5號機亦同時運轉中，再查開發單位網站之資訊揭露資料顯示，新1號機與既有5號機均有運轉之淨發電量數據，明顯與本開發案「大林電廠更新改建計畫環境影響差異分析報告（定稿本）」所載「本計畫營運期間仍維持原環說書『新舊機組運轉時程不重疊』」內容不符。,環境影響評估法第17條,300000,否,,,
123,交通部鐵道局南部工程處,108/05/06,交通部鐵道局南部工程處環境影響評估法第17條,"本署於107年10月31日派員辦理本案環評監督現勘，發現本案先期工程C801標牛埔川橋改建工程，於105年12月8日至12月11日由高雄市古板土資場進運土方約6,056立方公尺，與本案環境影響差異分析報告（105年11月定稿）第4章4.10「…本次變更修正土方來源，以第七河川局相關疏濬計畫（荖濃溪、隘寮溪、高屏溪疏濬計畫）及林邊溪疏濬計畫標售土方為主，另以公共工程營建剩餘土石方交換利用及屏東縣營運之土資場，為土方備用來源」所載內容不符。",環境影響評估法第17條,300000,否,,,
122,台宇環境科技有限公司,108/05/06,台宇環境科技有限公司違反空氣污染防制法及環境檢驗測定機構管理辦法,未依本署公告檢測方法執行排放管道中氮氧化物及一氧化碳檢測。,違反空氣污染防制法第49條第2項授權訂定環境檢驗測定機構管理辦法第17條第1項第2款規定，爰依同辦法第24條第1項第1款及同法第70條第2款規定裁處及限期改善，並依環境教育法第23條之規定裁處環境講習。,200000,否,,108/06/17,是
121,台灣中油股份有限公司,108/05/01,台灣中油股份有限公司環境影響評估法第17條,本署於107年9月25日執行本案環境影響評估監督，發現本案於92年底暫停實施原開發計畫，後於105年10月起興建D井坪檢修棚並恢復執行施工期間環境監測；查開發單位提供之105年第四季環境監測成果報告書，施工尖峰期前三個月(105年10月至12月)「基地周界上風處」、「基地周界下風處」，漏未執行105年12月之TSP監測項目，且該成果報告書內12月之TSP監測值為106年1月檢測報告值。,環境影響評估法第17條,300000,否,,,
120,國瑞汽車股份有限公司,108/05/01,國瑞汽車股份有限公司違反噪音管制法及環境檢驗測定機構管理辦法,相關性測試結果連續2次不合格。,違反噪音管制法第20條第2項授權訂定機動車輛排放空氣污染物及噪音檢驗測定機構管理辦法第18條第2項規定，爰依同法第32條第2項規定裁處及限期改善，並依環境教育法第23條之規定裁處環境講習。,10000,否,,108/05/22,是
119,榮讚環境科技有限公司,108/04/26,榮讚環境科技有限公司違反空氣污染防制法及環境檢驗測定機構管理辦法,未依本署公告檢測方法執行設備元件揮發性有機物洩漏之檢測業務。,違反空氣污染防制法第49條第2項授權訂定環境檢驗測定機構管理辦法第17條第1項第2款規定，爰依同辦法第24條第1項第1款及同法第70條第2款規定裁處及限期改善，並依環境教育法第23條之規定裁處環境講習。,200000,否,,108/05/16,是
118,泓達化工股份有限公司燕巢廠,108/04/02,泓達化工股份有限公司燕巢廠土壤及地下水污染整治法第40條第3項,"運作中高污染潛勢工廠土壤及地下水污染潛勢調查計畫（第二期）調查污染物及污染情形為：土壤TPH濃度最高3,350mg/kg（管制標準為1,000mg/kg）超過土壤污染管制標準；及地下水TPH濃度62.5mg/L（管制標準10mg/L）、苯2.03mg/L（管制標準0.05mg/L）、?14.0mg/L（管制標準0.4mg/L）超過地下水污染管制標準。依據調查報告查證結果顯示，污染位置係分別為廢水處理區（廢水管線及油水分離池旁）、製程區油槽沿線管溝、儲槽區，該場址污染查證結果與本案場址原料使用及運作行為相符，高雄市政府環境保護局認定該公司污染行為明確，構成土污法第2條第15款第1目之洩漏污染物之污染行為人。",土壤及地下水污染整治法第40條第3項,150000,否,,,
117,南台灣環境科技股份有限公司,108/03/26,南台灣環境科技股份有限公司違反水壤及地下水污染整治法及環境檢驗測定機構管理辦法,執行底泥檢測類之鉛檢測項目之盲樣測試連續2次不合格。,違反土壤及地下水污染整治法第10條第2項授權訂定環境檢驗測定機構管理辦法第24條第1項第6款規定，爰依同法第42條第1項第1款規定裁處；及依環境教育法第23條之規定裁處環境講習。,50000,否,,,無改善事項
116,南台灣環境科技股份有限公司,108/03/26,南台灣環境科技股份有限公司違反水壤及地下水污染整治法及環境檢驗測定機構管理辦法,執行底泥檢測類之銅檢測項目之盲樣測試連續2次不合格。,違反土壤及地下水污染整治法第10條第2項授權訂定環境檢驗測定機構管理辦法第24條第1項第6款規定，爰依同法第42條第1項第1款規定裁處；及依環境教育法第23條之規定裁處環境講習。,50000,否,,,無改善事項
115,南台灣環境科技股份有限公司,108/03/26,南台灣環境科技股份有限公司違反水壤及地下水污染整治法及環境檢驗測定機構管理辦法,執行底泥檢測類之鋅檢測項目之盲樣測試連續2次不合格。,違反土壤及地下水污染整治法第10條第2項授權訂定環境檢驗測定機構管理辦法第24條第1項第6款規定，爰依同法第42條第1項第1款規定裁處；及依環境教育法第23條之規定裁處環境講習。,50000,否,,,無改善事項
114,南台灣環境科技股份有限公司,108/03/26,南台灣環境科技股份有限公司違反水壤及地下水污染整治法及環境檢驗測定機構管理辦法,執行底泥檢測類之鎳檢測項目之盲樣測試連續2次不合格。,違反土壤及地下水污染整治法第10條第2項授權訂定環境檢驗測定機構管理辦法第24條第1項第6款規定，爰依同法第42條第1項第1款規定裁處；及依環境教育法第23條之規定裁處環境講習。,50000,否,,,無改善事項
113,南台灣環境科技股份有限公司,108/03/26,南台灣環境科技股份有限公司違反水壤及地下水污染整治法及環境檢驗測定機構管理辦法,執行底泥檢測類之鎘檢測項目之盲樣測試連續2次不合格。,違反土壤及地下水污染整治法第10條第2項授權訂定環境檢驗測定機構管理辦法第24條第1項第6款規定，爰依同法第42條第1項第1款規定裁處；及依環境教育法第23條之規定裁處環境講習。,50000,否,,,無改善事項
112,南台灣環境科技股份有限公司,108/03/26,南台灣環境科技股份有限公司違反水壤及地下水污染整治法及環境檢驗測定機構管理辦法,執行底泥檢測類之汞檢測項目之盲樣測試連續2次不合格。,違反土壤及地下水污染整治法第10條第2項授權訂定環境檢驗測定機構管理辦法第24條第1項第6款規定，爰依同法第42條第1項第1款規定裁處；及依環境教育法第23條之規定裁處環境講習。,50000,否,,,無改善事項
111,南台灣環境科技股份有限公司,108/03/26,南台灣環境科技股份有限公司違反水壤及地下水污染整治法及環境檢驗測定機構管理辦法,執行底泥檢測類之砷檢測項目之盲樣測試連續2次不合格。,違反土壤及地下水污染整治法第10條第2項授權訂定環境檢驗測定機構管理辦法第24條第1項第6款規定，爰依同法第42條第1項第1款規定裁處；及依環境教育法第23條之規定裁處環境講習。,50000,否,,,無改善事項
110,友宏有限公司,108/03/18,友宏有限公司放流水標準第2條第1項，水污染防治法第7條第1項，違反水污染防治法罰鍰額度裁罰準則第3條，水污染防治法第18條之1第1項,"本署於106年6月22日查獲該公司廢水長期未依水污染防治許可內容正常操作，放流水經送驗結果超過放流水標準（生化需氧量：1,220毫克/公升，最大限值：80毫克/公升；化學需氧量：1,520毫克/公升，最大限值：150毫克/公升；懸浮固體：960毫克/公升，最大限值：80毫克/公升）。",放流水標準第2條第1項，水污染防治法第7條第1項，違反水污染防治法罰鍰額度裁罰準則第3條，水污染防治法第18條之1第1項,2520000,否,,,
109,信大水泥股份有限公司-信大水泥第二礦場第三採掘場開發案,108/03/12,信大水泥股份有限公司-信大水泥第二礦場第三採掘場開發案環境影響評估法第17條,該公司外運並外售石灰石情事，與本開發案環境影響說明書第5-22頁「礦場所產礦石均以原石運至水泥製造廠使用」及「信大礦場所生產之大理石原料全部供為製造水泥原料」所載內容不符。,環境影響評估法第17條,300000,否,,108/09/02,否
108,琨鼎環境科技股份有限公司,108/03/08,琨鼎環境科技股份有限公司違反空氣污染防制法及環境檢驗測定機構管理辦法,出具空氣品質監測報告未依管理手冊規定紀錄及審核。,違反空氣污染防制法第49條第2項授權訂定環境檢驗測定機構管理辦法第17條第1項第3款規定，爰依同法第70條第2款規定裁處及限期改善，並依環境教育法第23條之規定裁處環境講習。,200000,否,,108/03/29,是
107,屏東縣動物防疫所,108/03/08,屏東縣動物防疫所違反水污染防治法及環境檢驗測定機構管理辦法,未依本署公告檢測方法執行水中化學需氧量樣品檢測業務。,違反水污染防治法第23條第2項授權訂定環境檢驗測定機構管理辦法第17條第1項第2款，爰依同法第49條規定裁處；及依環境教育法第23條之規定裁處環境講習。,30000,否,,108/03/29,是
106,交通部臺灣鐵路管理局,108/03/08,交通部臺灣鐵路管理局土壤及地下水污染整治法第12條第2項，土壤及地下水污染整治法第40條第3項,"該局因加油不慎，導致土壤中總石油碳氫化合物(14,600mg/Kg)及地下水中總石油碳氫化合物(4,940mg/L)均超過管制標準，故公告為土壤及地下水污染控制場址，經初步評估後，確認符合土污法第12條第3項規定公告為整治場址要件，場址污染潛勢評估總分「TOL」值(1580.33分)已達1,200分以上，符合土壤及地下水污染場址初步評估暨處理等級評定辦法第8條第1項第1款規定。",土壤及地下水污染整治法第12條第2項，土壤及地下水污染整治法第40條第3項,150000,否,,,
105,九連環境開發股份有限公司,108/02/12,九連環境開發股份有限公司違反空氣污染防制法及環境檢驗測定機構管理辦法,未依中央主管機關公告之檢測方法及檢驗室之標準作業程序執行空氣檢測類之排放管道中氫氟酸等採樣作業情事。,違反空氣污染防制法第49條第2項授權訂定環境檢驗測定機構管理辦法第17條第1項第2款規定，爰依同法第70條第2款規定裁處及限期改善，並依環境教育法第23條之規定裁處環境講習。,200000,否,,108/03/12,是
104,台旭環境科技中心股份有限公司,108/02/11,台旭環境科技中心股份有限公司違反土壤及地下水污染整治法及環境檢驗測定機構管理辦法,"執行地下水檢測類之加保扶（水中滅必蝨、加保扶、安丹、丁基滅必蝨檢測方法－氣相層析儀／電子捕捉偵測器法 (NIEA W631.50A)）盲樣測試結果連續2次不合格。",違反土壤及地下水污染整治法第10條第2項授權訂定環境檢驗測定機構管理辦法第24條第1項第6款規定，爰依同法第42條第1項第1款規定裁處；及依環境教育法第23條之規定裁處環境講習。,50000,否,,,無改善事項
103,柏新科技股份有限公司,108/02/11,柏新科技股份有限公司違反水壤及地下水污染整治法及環境檢驗測定機構管理辦法,執行底泥檢測類之砷及地下水檢測類之氟鹽連續2次盲樣測試結果均不合格。,違反土壤及地下水污染整治法第10條第2項授權訂定環境檢驗測定機構管理辦法第24條第1項第6款規定，爰依同辦法第24條第1項第1款及同法第42條第1項第1款規定裁處；及依環境教育法第23條之規定裁處環境講習。,100000,否,,,無改善事項
102,新北市政府捷運工程局,108/02/01,新北市政府捷運工程局環境影響評估法第17條,本開發案107年4月3日起進場開挖施作，未於施工期橋墩開挖前2個月至帽樑完工後2個月，每月1次進行水文水質監測（生化需氧量、懸浮固體、溶氧及氨氮），與本案第一次環境影響差異分析報告7.2節環境監測計畫不符。,環境影響評估法第17條,300000,否,,,
101,清華科技檢驗股份有限公司,108/02/01,清華科技檢驗股份有限公司違反水壤及地下水污染整治法及環境檢驗測定機構管理辦法,執行底泥檢測類之砷盲樣測試結果連續2次不合格。,違反土壤及地下水污染整治法第10條第2項授權訂定環境檢驗測定機構管理辦法第24條第1項第6款規定，爰依同法第42條第1項第1款規定裁處；及依環境教育法第23條之規定裁處環境講習。,50000,否,,,無改善事項
100,淇荃環保科技有限公司,108/01/31,淇荃環保科技有限公司違反土壤及地下水污染整治法及環境檢驗測定機構管理辦法,"執行地下水檢測類之1,2-二氯苯（水中揮發性有機化合物檢測方法－吹氣捕捉/氣相層析質譜儀法，NIEA W785)盲樣測試結果連續2次不合格。",違反土壤及地下水污染整治法第10條第2項授權訂定環境檢驗測定機構管理辦法第24條第1項第6款規定，爰依同法第42條第1項第1款規定裁處；及依環境教育法第23條之規定裁處環境講習。,50000,否,,,無改善事項
99,景泰順檢驗股份有限公司,108/01/22,景泰順檢驗股份有限公司違反土壤及地下水污染整治法及環境檢驗測定機構管理辦法,"地下水檢測類之氯鹽(NIEA W415)連續2次盲樣測試結果均不合格",違反土壤及地下水污染整治法第10條第2項授權訂定環境檢驗測定機構管理辦法第24條第1項第6款規定，爰依同法第42條第1項第1款規定裁處；及依環境教育法第23條之規定裁處環境講習。,50000,否,,,無改善事項
98,華光工程顧問股份有限公司,108/01/16,華光工程顧問股份有限公司違反空氣污染防制法及環境檢驗測定機構管理辦法,執行空氣檢測類空氣中總懸浮微粒檢測，採樣紀錄表未記錄採樣結束時浮子流量計讀值(Ye)、校正流量(Qe)、結束時間、採樣開始5分鐘穩定時校正時間、採樣後測漏結果等，未符檢驗室管理手冊規定。,違反空氣污染防制法第49條第2項授權訂定環境檢驗測定機構管理辦法第17條第1項第3款規定，爰依同法第70條第2款規定裁處及限期改善，並依環境教育法第23條之規定裁處環境講習。,200000,否,,108/02/11,是
97,中庸第二牧場(待解列),108/01/16,中庸第二牧場(待解列)違反放流水標準第2條，水污染防治法第7條第1項，水污染防治法第18條之1第1項,自104年1月間起至106年4月22日止於深夜，接續藉馬達及軟管等，將囤積未處理而含有豬屎、豬糞等之原廢水，抽至場內逕流雨水溝，繞流排放至場外溝渠，且經檢測結果未符合放流水標準。,放流水標準第2條，水污染防治法第7條第1項，水污染防治法第18條之1第1項,1078000,否,,,
96,廣大地環境科技股份有限公司,108/01/11,廣大地環境科技股份有限公司違反空氣污染防制法及環境檢驗測定機構管理辦法,執行空氣檢測類之空氣中二氧化硫(自動測定)檢測業務，採樣之二氧化硫自動分析儀上升時間未符檢測方法規範，檢測人員仍執行檢測。,違反空氣污染防制法第49條第2項授權訂定環境檢驗測定機構管理辦法第17條第1項第3款規定，爰依同法第70條第2款規定裁處及限期改善，並依環境教育法第23條之規定裁處環境講習。,200000,否,,108/02/11,是
95,台旭環境科技中心股份有限公司,108/01/11,台旭環境科技中心股份有限公司違反空氣污染防制法及環境檢驗測定機構管理辦法,檢測人員於執行排放管道中粒狀污染物採樣作業，虛偽不實登載水分測定紀錄、流量計流量紀錄等情事，已違反空氣污染防制法第49條第2項授權訂定環境檢驗測定機構管理辦法第24條第1項第8款「申請許可文件、檢測人員之設置、檢測或數據處理過程、檢測報告或其他申報資料虛偽不實者」之規定，且屬同辦法第24條第2項第1款所列情節重大情事。,違反空氣污染防制法第49條第2項授權訂定環境檢驗測定機構管理辦法第24條第1項第8款及第2項第1款規定，爰依同法第70條第2款規定裁處及廢止許可證，並依環境教育法第23條之規定裁處環境講習。,1000000,否,,,無改善事項
94,清華科技檢驗股份有限公司,108/01/08,清華科技檢驗股份有限公司違反空氣污染防制法及環境檢驗測定機構管理辦法,未依檢驗室之標準作業程序執行排放管道中氣氮氧化物、二氧化硫、氧及一氧化碳之檢測作業。,違反空氣污染防制法第49條第2項授權訂定環境檢驗測定機構管理辦法第17條第1項第2款規定，爰依同法第70條第2款規定裁處及限期改善，並依環境教育法第23條之規定裁處環境講習。,200000,否,,108/01/29,是
93,新美檢驗科技有限公司,108/01/08,新美檢驗科技有限公司違反空氣污染防制法及環境檢驗測定機構管理辦法,檢測人員未執行空氣檢測類揮發性有機物洩漏檢測而檢測儀器編號EVG-001-04、EVG-001-06分別有數十筆原始數據紀錄及查核現場未發現儀器編號EVG-001-06校正紀錄表記錄之零值氣體採樣袋，屬檢測或數據處理過程虛偽不實。,"違反空氣污染防制法第49條第2項授權訂定環境檢驗測定機構管理辦法第24條第1項第8款及第24條第2項第1款規定，爰依同法第70條第2款規定裁處及廢止NIEA A706許可證，並依環境教育法第23條之規定裁處環境講習。",1000000,否,,,無改善事項
92,台灣富士全錄股份有限公司,108/01/08,台灣富士全錄股份有限公司違反土壤及地下水污染整治法第40條第3項,"本場址於106年3月間經本署執行「高污染潛勢工業區污染源調查及管制計畫（第五期）（乙）」檢測出地下水中重金屬氟鹽最高濃度17.6 mg/L、1,1-二氯乙烯0.565 mg/L、三氯乙烯0.0839 mg/L、氯乙烯0.0393 mg/L（管制標準：氟鹽8 mg/L、1,1-二氯乙烯0.07 mg/L、三氯乙烯0.05 mg/L、氯乙烯0.02 mg/L）超過第二類地下水污染管制標準。",土壤及地下水污染整治法第40條第3項,150000,否,,,
91,精湛檢驗科技股份有限公司,107/12/26,精湛檢驗科技股份有限公司違反空氣污染防制法及環境檢驗測定機構管理辦法,未依檢驗室管理手冊執行空氣檢測類排放管道污染物檢測。,違反空氣污染防制法第49條第2項授權訂定環境檢驗測定機構管理辦法第17條第1項第2款規定，爰依同法第70條第2款規定裁處及限期改善，並依環境教育法第23條之規定裁處環境講習。,200000,否,,108/01/17,是
90,盛貽熱浸鋅企業股份有限公司,107/12/22,盛貽熱浸鋅企業股份有限公司違反土壤及地下水污染整治法第28條第2項,受處分人於107年1～3月期間，產生土壤及地下水污染整治費（下稱整治費）徵收廢棄物，應依前述規定申報及繳納整治費，本署已於107年6月8日請受處分人於107年4月30日前儘速依法申報繳納，經查受處分人逾107年8月1日仍未繳納，核屬違反土壤及地下水污染整治法第28條第2項規定。,土壤及地下水污染整治法第28條第2項,200000,否,,,
89,頂倫合纖股份有限公司,107/12/22,頂倫合纖股份有限公司違反土壤及地下水污染整治法第28條第2項,受處分人於107年1～3月期間，產生土壤及地下水污染整治費（下稱整治費）徵收廢棄物，應依前述規定申報及繳納整治費，本署已於107年6月8日請受處分人於107年4月30日前儘速依法申報繳納，經查受處分人逾107年8月1日仍未繳納，核屬違反土壤及地下水污染整治法第28條第2項規定。,土壤及地下水污染整治法第28條第2項,200000,否,,,
88,中環科技事業股份有限公司,107/12/20,中環科技事業股份有限公司違反空氣污染防制法及環境檢驗測定機構管理辦法,未依本署公告檢測方法執行空氣檢測類排放管道戴奧辛採樣。,違反空氣污染防制法第49條第2項授權訂定環境檢驗測定機構管理辦法第17條第1項第2款規定，爰依同法第70條第2款規定裁處及限期改善，並依環境教育法第23條之規定裁處環境講習。,200000,否,,108/01/11,是
87,睿科國際股份有限公司,107/12/18,睿科國際股份有限公司違反空氣污染防制法及環境檢驗測定機構管理辦法,未依本署公告檢測方法執行空氣檢測類設備元件揮發性有機物洩漏測定。,違反空氣污染防制法第49條第2項授權訂定環境檢驗測定機構管理辦法第17條第1項第2款規定，爰依同法第70條第2款規定裁處及限期改善，並依環境教育法第23條之規定裁處環境講習。,200000,否,,1080/1/08,是
86,高誠環保科技有限公司,107/12/17,高誠環保科技有限公司違反空氣污染防制法及環境檢驗測定機構管理辦法,未依本署公告檢測方法執行元件之揮發性有機物洩漏測定作業。,違反空氣污染防制法第49條第2項授權訂定環境檢驗測定機構管理辦法第17條第1項第2款規定，爰依同法第70條第2款規定裁處及限期改善，並依環境教育法第23條之規定裁處環境講習。,400000,否,,108/01/07,是
85,琨鼎環境科技股份有限公司,107/12/13,琨鼎環境科技股份有限公司違反水壤及地下水污染整治法及環境檢驗測定機構管理辦法,未依檢驗室管理手冊所載應確實記錄現場採樣狀況及檢測報告格式與內容應有報告聲明。,違反土壤及地下水污染整治法第10條第2項授權訂定環境檢驗測定機構管理辦法第17條第1項第3款規定，爰依同法第42條第1項第1款規定裁處，並限期改善；及依環境教育法第23條之規定裁處環境講習。,50000,否,,108/01/02,是
84,佶川環境科技有限公司,107/12/13,佶川環境科技有限公司違反空氣污染防制法及環境檢驗測定機構管理辦法,未依本署公告之檢測方法執行空氣檢測類之排放管道中總碳氫化合物等採樣作業情事。,違反空氣污染防制法第49條第2項授權訂定環境檢驗測定機構管理辦法第17條第1項第2款規定，爰依同法第70條規定裁處及限期改善，並依環境教育法第23條之規定裁處環境講習。,200000,否,,108/01/03,是
83,財團法人台灣農畜發展基金會,107/12/07,財團法人台灣農畜發展基金會違反水污染防治法及環境檢驗測定機構管理辦法,未依本署公告檢測方法執行水質水量檢測類之化學需氧量檢測業務。,違反水污染防治法第23條第2項授權訂定環境檢驗測定機構管理辦法第17條第1項第2款規定，爰依同法第49條規定裁處及限期改善，並依環境教育法第23條之規定裁處環境講習。,60000,否,,107/12/27,是
82,台灣中油股份有限公司,107/12/07,台灣中油股份有限公司違反土壤及地下水污染整治法第40條第3項,行政院環境保護署107年8~9月執行「107-108年度土壤及地下水污染事件應變計畫(107年度)」進行土壤、地下水調查，結果顯示：地下水中苯14.7mg/L（管制標準0.050mg/L）、甲苯27.5mg/L（管制標準10mg/L）、?0.764mg/L（管制標準0.4mg/L）、甲基第三丁基醚(MTBE)46.5mg/L（管制標準1.0mg/L）、總石油碳氫化合物(TPH)124mg/L（管制標準10mg/L）均超過地下水污染管制標準。,土壤及地下水污染整治法第40條第3項,150000,否,,,
81,經濟部工業局,107/12/05,經濟部工業局違反環境影響評估法第17條,本開發案截至106年底尚未進行竹圍子區回收水廠主體興建工程，與「雲林科技工業區開發計畫環境影響差異分析報告（第十次變更）」第3-20頁所載內容「…竹圍子區廠商進駐率達三分之一時或於民國106年應興建之竹圍子區回收水廠，預計回收水量…。」不符。,環境影響評估法第17條,300000,是,,108/3/1,否
80,台灣中油股份有限公司,107/12/04,台灣中油股份有限公司違反土壤及地下水污染整治法裁罰基準第2條，土壤及地下水污染整治法第40條第3項,"按澎湖縣政府環境保護局進場查證結果顯示，檢測出地下水總石油碳氫化合物濃度為33.2 mg/L、甲基第三丁基醚濃度為120 mg/L、苯濃度為0.537 mg/L（管制標準：總石油碳氫化合物10 mg/L、甲基第三丁基醚1 mg、苯0.05 mg/L），皆達第二類地下水污染管制標準；又本署進場查證結果顯示，檢測出地下水中苯之最高濃度為4.47 mg/L、?之最高濃度為0.515 mg/L、總石油碳氫化合物之最高濃度為32.8 mg/L、甲基第三丁基醚之最高濃度為324 mg/L（管制標準：苯0.05 mg/L、?0.4 mg/L、總石油碳氫化合物10 mg/L、甲基第三丁基醚1 mg/L），亦皆達第二類地下水污染管制標準，其台灣中油股份有限公司營運行為致該場址公告為地下水污染整治場址。",違反土壤及地下水污染整治法裁罰基準第2條，土壤及地下水污染整治法第40條第3項,750000,否,,,
79,玉群環境科技有限公司,107/11/22,玉群環境科技有限公司違反空氣污染防制法及環境檢驗測定機構管理辦法,未依檢驗室管理手冊規定內容出具空中硫化氫、甲硫醇、二氧化碳、硫化甲基、二硫化甲基及三甲基胺等6項化合物檢測報告。,違反空氣污染防制法第49條第2項授權訂定環境檢驗測定機構管理辦法第17條第1項第3款規定，爰依同法第70條第2款規定裁處及限期改善，並依環境教育法第23條之規定裁處環境講習。,200000,否,,107/12/13,是
78,南台灣環境科技股份有限公司,107/11/20,南台灣環境科技股份有限公司違反空氣污染防制法及環境檢驗測定機構管理辦法,"未依本署公告檢測方法「排放管道氫氟酸、鹽酸、硝酸、磷酸及硫酸檢測方法－等速吸引法 (NIEA A452.72B)」執行空氣檢測類樣品之檢驗測定業務。",違反空氣污染防制法第49條第2項授權訂定環境檢驗測定機構管理辦法第17條第1項第2款規定，爰依同法第70條規定裁處及限期改善，並依環境教育法第23條之規定裁處環境講習。,200000,否,,107/12/12,是
77,金銧有限公司,107/11/16,"金銧有限公司違反水污染防治法罰鍰額度裁罰準則第 2條，水污染防治法第7條第1項",本署於107年3月5日執行107年度南部地區電鍍業及金屬表面處理業專案督察計畫暨107年臺南市（二仁溪、鹽水溪）高污染潛勢事業督察計畫，於該公司放流口採樣檢測結果未符合放流水標準（化學需氧量：116毫克/公升，最大限值：100毫克/公升；總鉻：5.83毫克/公升，最大限值：2.0毫克/公升；鎳：2.99毫克/公升，最大限值：1.0毫克/公升）。,"違反水污染防治法罰鍰額度裁罰準則第 2條，水污染防治法第7條第1項",594000,否,,,
76,亞太環境科技股份有限公司,107/11/01,亞太環境科技股份有限公司違反土壤及地下水污染整治法及環境檢驗測定機構管理辦法,"未依檢測方法水中金屬及微量元素檢測方法－感應耦合電漿原子發射光譜法 (NIEA W311.53C)執行地下水檢測類監測井地下水採樣之檢測業務。",違反土壤及地下水污染整治法第10條第2項授權訂定環境檢驗測定機構管理辦法第17條第1項第3款規定，爰依同法第42條第1項第1款規定裁處，並限期改善；及依環境教育法第23條之規定裁處環境講習。,50000,否,,107/11/26,是
75,財團法人元智大學,107/10/30,財團法人元智大學違反土壤及地下水污染整治法及環境檢驗測定機構管理辦法,未依檢驗室管理手冊執行其地下水檢測類業務。,違反土壤及地下水污染整治法第10條第2項授權訂定環境檢驗測定機構管理辦法第17條第1項第3款規定，爰依同法第42條第1項第1款規定裁處，並限期改善；及依環境教育法第23條之規定裁處環境講習。,50000,否,,107/11/19,是
74,台宗企業有限公司,107/10/19,台宗企業有限公司違反土壤及地下水污染整治法第40條第3項,"進行查證結果顯示，檢測出土壤重金屬鋅最高濃度4100 mg/kg（管制標準鋅：2,000 mg/kg），超過土壤污染管制標準；地下水中二氯甲烷最高濃度2.71 mg/L、鎳3.5 mg/L（管制標準：二氯甲烷0.05 mg/L、鎳：1 mg/L），超過第二類地下水污染管制標準，其台宗企業有限公司於90至96年期間運作物質與檢出土壤鋅超過管制標準相關，致龍定旺科技股份有限公司廠區公告為土壤及地下水污染整治場址。",土壤及地下水污染整治法第40條第3項,150000,否,,,
73,昇榮科技股份有限公司,107/10/19,昇榮科技股份有限公司違反土壤及地下水污染整治法第40條第3項,"進行查證結果顯示，檢測出土壤重金屬鋅最高濃度4100 mg/kg（管制標準鋅：2,000 mg/kg），超過土壤污染管制標準；地下水中二氯甲烷最高濃度2.71 mg/L、鎳3.5 mg/L（管制標準：二氯甲烷0.05 mg/L、鎳：1mg/L），超過第二類地下水污染管制標準，其昇榮科技股份有限公司於96至100年期間運作物質與檢出土壤鋅及地下水二氯甲烷、鎳超過管制標準相關，致龍定旺科技股份有限公司廠區公告為土壤及地下水污染整治場址。",土壤及地下水污染整治法第40條第3項,150000,否,,,
72,龍定旺科技股份有限公司觀音廠,107/10/19,龍定旺科技股份有限公司觀音廠違反土壤及地下水污染整治法第40條第3項,"進行查證結果顯示，檢測出土壤重金屬鋅最高濃度4100 mg/kg（管制標準鋅：2,000 mg/kg），超過土壤污染管制標準；地下水中二氯甲烷最高濃度2.71 mg/L、鎳3.5 mg/L（管制標準：二氯甲烷0.05 mg/L、鎳：1mg/L），超過第二類地下水污染管制標準，其龍定旺科技股份有限公司運作行為致該公司廠區公告為土壤及地下水污染整治場。",土壤及地下水污染整治法第40條第3項,150000,否,,,
71,立昌實業股份有限公司,107/10/18,立昌實業股份有限公司違反水污染防治法第18條之1第1項，水污染防治法第7條第1項,"本署於106年2月8日及3月1日督察，查獲該公司作業廢水於廢水初沉池以抽水馬達抽取至未經主管機關許可之排放口，逕行繞流排放於承受水體，且經檢測結果未符合放流水標準（氫離子濃度指數：4.5，最大限值：6.0~9.0；生化需氧量：1,410毫克/公升，最大限值：30毫克/公升；化學需氧量：3,220毫克/公升，最大限值：100毫克/公升；懸浮固體：1,190毫克/公升，最大限值：30毫克/公升）。",水污染防治法第18條之1第1項，水污染防治法第7條第1項,2880000,否,,,
70,立昌實業股份有限公司,107/10/18,立昌實業股份有限公司違反水污染防治法第14條第1項,本署於106年3月1日督察，查獲該公司將廢水貯存於場內厭氧池再由其他事業載運作為豬隻飼料使用，與許可登記事項不符。,水污染防治法第14條第1項,72000,否,,,
69,亞太環境科技股份有限公司,107/10/01,亞太環境科技股份有限公司違反空氣污染防制法及環境檢驗測定機構管理辦法,"未依檢測方法「空氣中粒狀污染物檢測法-高量採樣法(NIEA A102.12A)」，執行空氣檢測類空氣中粒狀物之檢測業務。",違反空氣污染防制法第49條第2項授權訂定環境檢驗測定機構管理辦法第17條第1項第2款規定，爰依同法第70條規定裁處及限期改善，並依環境教育法第23條之規定裁處環境講習。,200000,否,,107/10/25,是
68,台灣檢驗科技股份有限公司,107/10/01,台灣檢驗科技股份有限公司違反空氣污染防制法及環境檢驗測定機構管理辦法,未依本署公告檢測方法執行空氣中細懸浮微粒之採樣作業。,違反空氣污染防制法第49條第2項授權訂定環境檢驗測定機構管理辦法第17條第1項第2款規定，爰依同法第70條規定裁處及限期改善，並依環境教育法第23條之規定裁處環境講習。,200000,否,,107/10/22,是
67,安美謙德環保股份有限公司,107/09/26,安美謙德環保股份有限公司違反空氣污染防制法及環境檢驗測定機構管理辦法,未依本署公告檢測方法執行空氣檢驗類之排放管道採樣作業。,違反空氣污染防制法第49條第2項授權訂定環境檢驗測定機構管理辦法第17條第1項第2款規定，爰依同法第70條規定裁處及限期改善，並依環境教育法第23條之規定裁處環境講習。,200000,否,,107/10/17,是
66,捷穎實業股份有限公司,107/09/21,捷穎實業股份有限公司違反空氣污染防制法第39條,貴公司新車抽驗結果經判定為不合格，本署廢止引擎族之合格證明並依定規定辦理召回改正。執行成果未符合計畫目標，已違反行為時空氣污染防制法第39條授權訂定「機車車型排氣審驗合格證明核發撤銷及廢止辦法」第13條附錄4辦理召回改正之規定。,空氣污染防制法第39條,50000,否,,,
65,民烽有限公司,107/09/20,民烽有限公司違反放流水標準第2條第1項，水污染防治法第7條第1項，水污染防治法第18條之1第1項,貴公司作業廢水由未經核准登記之放流口排放，且經檢測結果未符合放流水標準（氫離子濃度指數：1.49，最大限值：6.0~9.0）。,放流水標準第2條第1項，水污染防治法第7條第1項，水污染防治法第18條之1第1項,1512000,是,,,
64,金良有限公司,107/09/14,金良有限公司違反水污染防治法第7條第1項，水污染防治法第18條之1第1項,化學原料製造(M02)製程廢水未納入廢水處理設備，逕以專管方式自放流口位置排放於承受水體，且經檢測結果未符合放流水標準（氫離子濃度指數：2.0，最大限值：6.0~9.0）。,水污染防治法第7條第1項，水污染防治法第18條之1第1項,1302000,否,,,
63,東光育樂股份有限公司(寶山高爾夫球場）,107/09/13,東光育樂股份有限公司(寶山高爾夫球場）違反環境影響評估法第17條,本開發案已完成開發且進入營運中，惟實際開發強度（球道、不可開發區、保育區、道路及員工宿舍等）與環評書件所載內容不符。,環境影響評估法第17條,300000,否,,108/2/15,否
62,華光工程顧問股份有限公司,107/09/11,華光工程顧問股份有限公司違反空氣污染防制法及環境檢驗測定機構管理辦法,未依檢驗室標準作業程序執行空氣中粒狀污染物現場採樣作業。,違反空氣污染防制法第49條第2項授權訂定環境檢驗測定機構管理辦法第17條第1項第2款規定，爰依同法第70條規定裁處及限期改善，並依環境教育法第23條之規定裁處環境講習。,200000,否,,107/10/4,是
61,芃展環境股份有限公司,107/09/07,芃展環境股份有限公司違反水污染防治法及環境檢驗測定機構管理辦法,"未依檢測方法「水中大腸桿菌群檢測方法-濾膜法(NIEA E202.55B)」之規定，執行水質水量檢測類大腸桿菌群檢測業務。",違反水污染防治法第23條第2項授權訂定環境檢驗測定機構管理辦法第17條第1項第2款規定，爰依同法第49條規定裁處及限期改善，並依環境教育法第23條之規定裁處環境講習。,60000,否,,107/10/01,是
60,芃展環境股份有限公司,107/09/07,芃展環境股份有限公司違反水污染防治法及環境檢驗測定機構管理辦法,未依管理手冊「紀錄管制作業程序」之規定，執行水質水量檢測類生化需氧量及懸浮固體檢測業務。,違反水污染防治法第23條第2項授權訂定環境檢驗測定機構管理辦法第17條第1項第3款規定，爰依同法第49條規定裁處及限期改善，並依環境教育法第23條之規定裁處環境講習。,360000,否,,107/10/01,是
59,芃展環境股份有限公司,107/09/07,芃展環境股份有限公司違反飲用水管理條例及環境檢驗測定機構管理辦法,"未依檢測方法「飲用水中大腸桿菌群檢測方法-濾膜法(NIEA E230.55B)」執行飲用水檢測類之大腸桿菌群檢測及未依檢測方法「水中總菌落數檢測方法-塗抹法(NIEA E203.56B)」執行飲用水檢測類總菌落數(有消毒系統之水廠配水管網)檢測業務。",違反飲用水管理條例第12條之1第2項授權訂定環境檢驗測定機構管理辦法第17條第1項第2款規定，爰依同條例第24條之1規定裁處，並依環境教育法第23條之規定裁處環境講習。,200000,否,,107/10/01,是
58,昇榮科技股份有限公司二廠,107/08/30,昇榮科技股份有限公司二廠違反土壤及地下水污染整治法第40條第3項,105年12月1日前之稽查案件，於環保稽查處分管制系統(EEMS系統)無填報違反事實。,土壤及地下水污染整治法第40條第3項,150000,否,,,
57,合江工業廠股份有限公司觀音廠,107/08/28,合江工業廠股份有限公司觀音廠違反土壤及地下水污染整治法第40條第3項,105年12月1日前之稽查案件，於環保稽查處分管制系統(EEMS系統)無填報違反事實。,土壤及地下水污染整治法第40條第3項,150000,否,,,
56,清華科技檢驗股份有限公司,107/08/27,清華科技檢驗股份有限公司違反空氣污染防制法及環境檢驗測定機構管理辦法,未依「品質管理手冊」之紀錄管制規定執行空氣檢測類之排放管道中總碳氫化合物(自動測定)檢測現場作業情事。,違反空氣污染防制法第49條第2項授權訂定環境檢驗測定機構管理辦法第17條第1項第3款規定，爰依同法第70條規定裁處及限期改善，並依環境教育法第23條之規定裁處環境講習。,200000,否,,107/09/14,是
55,汎美檢驗科技有限公司,107/08/27,汎美檢驗科技有限公司違反空氣污染防制法及環境檢驗測定機構管理辦法,未依檢測方法執行揮發性有機物洩漏測定之檢測作業。,違反空氣污染防制法第49條第2項授權訂定環境檢驗測定機構管理辦法第17條第1項第2款規定，爰依同法第70條規定裁處及限期改善，並依環境教育法第23條之規定裁處環境講習。,200000,否,,107/09/20,是
54,美亞鋼管廠股份有限公司,107/08/22,美亞鋼管廠股份有限公司違反土壤及地下水污染整治法第40條第3項,"本署執行「運作中高污染潛勢工廠土壤及地下水污染潛勢調查計畫（第二期）」檢測出地下水中重金屬鎘最高濃度0.556 mg/L、鎳2.52 mg/L、鉛4.71 mg/L、鋅2,390 mg/L（管制標準：鎘0.05 mg/L、鎳1 mg/L、鉛0.1 mg/L、鋅50 mg/L），超過第二類地下水污染管制標準。",土壤及地下水污染整治法第40條第3項,150000,否,,,
53,統懋半導體股份有限公司新市總廠,107/08/02,統懋半導體股份有限公司新市總廠違反土壤及地下水污染整治法第40條第3項,"臺南市政府環保局106年12月13日執行「105年臺南市地下水高污染潛勢區污染查證及監測計畫」查證結果，土壤：順-1,2-二氯乙烯7.17毫克/公斤（管制標準7毫克/公斤）。地下水：氟鹽27.1毫克/公升（管制標準8.0毫克/公升）、氯乙烯0.234毫克/公升（管制標準0.02毫克/公升）、1,1-二氯乙烯0.0805毫克/公升（管制標準0.07毫克/公升）、順-1,2-二氯乙烯1.72毫克/公升（管制標準0.7毫克/公升）、三氯乙烯0.209毫克/公升（管制標準0.05毫克/公升），並符合土壤及地下水污染場址初步評估暨處理等級評定辦法第8條第1項第1款規定。",土壤及地下水污染整治法第40條第3項,150000,否,,,
52,琨鼎環境科技股份有限公司,107/07/31,琨鼎環境科技股份有限公司違反空氣污染防制法及環境檢驗測定機構管理辦法,未依本署公告檢測方法執行空氣品質監測車現場採樣監測作業。,違反空氣污染防制法第44條第2項授權訂定環境檢驗測定機構管理辦法第17條第1項第2款規定，爰依同法第70條規定裁處及限期改善，並依環境教育法第23條之規定裁處環境講習。,200000,否,,107/08/20,是
51,鑫典國際企業有限公司,107/07/25,鑫典國際企業有限公司違反空氣污染防制法第30條第2項,"貴公司為取得本署核配資格之氟氯烴使用廠商，並持有105年之氟氯烴核配量。惟於105年販售二氟一氯甲烷(HCFC-22)冷媒3,960公斤至臺灣菸酒股份有限公司善化啤酒廠，並未將該冷媒用於設備維護，已違反氟氯烴消費量管理辦法第13條第1項規定。",空氣污染防制法第30條第2項,100000,否,,,
50,佳美檢驗科技股份有限公司,107/07/12,佳美檢驗科技股份有限公司違反水污染防治法及環境檢驗測定機構管理辦法,未依檢測方法執行水質水量檢測類大腸桿菌群檢測業務。,違反水污染防治法第23條第2項授權訂定環境檢驗測定機構管理辦法第17條第1項第2款規定，爰依同法第49條規定裁處及限期改善，並依環境教育法第23條之規定裁處環境講習。,"30,000",否,,107/08/02,是
49,佳美檢驗科技股份有限公司,107/07/12,佳美檢驗科技股份有限公司違反水污染防治法及環境檢驗測定機構管理辦法,未依管理手冊第13章紀錄管制之規定，執行水質水量檢測類化學需氧量檢測業務。,違反水污染防治法第23條第2項授權訂定環境檢驗測定機構管理辦法第17條第1項第3款規定，爰依同法第49條規定裁處及限期改善，並依環境教育法第23條之規定裁處環境講習。,"60,000",否,,107/08/02,是
48,台灣檢驗科技股份有限公司高雄分公司,107/07/05,台灣檢驗科技股份有限公司高雄分公司違反空氣污染防制法及環境檢驗測定機構管理辦法,未依檢驗室標準作業程序執行空氣中總懸浮微粒之採樣作業。,違反空氣污染防制法第44條第2項授權訂定環境檢驗測定機構管理辦法第17條第1項第2款規定，爰依同法第70條規定裁處及限期改善，並依環境教育法第23條之規定裁處環境講習。,"200,000",否,,107/07/25,是
47,交通部公路總局,107/05/31,交通部公路總局違反環境影響評估法第17條,"本署106年10月6日執行交通部公路總局西部濱海公路南區臨時工程處辦理「西部濱海快速公路建設計畫（南部路段）環境影響說明書」環評監督時，發現本案土石方總挖方數量共29萬3,119立方公尺、總填方數量共19萬181立方公尺，與「西部濱海快速公路建設計畫南部路段環境影響差異分析報告（八棟寮至九塊厝主線新建工程計畫）」第1-20頁土方處理計畫，表1.3.2-2所載之挖方數量18.0萬立方公尺、填方6.2萬立方公尺不符。",環境影響評估法第17條,300000,是,訴願不受理,107/8/13,是
46,台塑石化股份有限公司麥寮三廠,107/05/31,台塑石化股份有限公司麥寮三廠違反環境影響評估法第17條,於貴公司之鍋爐汽電共生程序(Ｍ11)排放管道採樣檢測結果，粒狀污染物(TSP)濃度29mg/Nm3，業已超過環境影響評估加嚴限值(23mg/Nm3)及雲林縣電力設施空氣污染物排放標準(15mg/Nm3)。,環境影響評估法第17條,800000,是,,107/8/15,否
45,日友環保科技股份有限公司,107/05/31,日友環保科技股份有限公司違反環境影響評估法第17條,貴公司事業廢棄物掩埋場區僅設置金屬網類圍籬，未設置防塵罩網，與本開發案「中區事業廢棄物綜合處理中心環境影響說明書」第4-40頁所載掩埋防風（塵）設施不符，經本署以106年11月27日環署督字第1060093806號函裁處，並限期於107年2月28日前改善，惟本署107年3月7日執行監督查驗，前次違反事實仍未改善。,環境影響評估法第17條,300000,否,,107/8/31,是
44,永懋造紙企業有限公司,107/05/22,永懋造紙企業有限公司違反土壤及地下水污染整治法第28條第2項,受處分人於106年7～9月期間，產生土壤及地下水污染整治費（下稱整治費）徵收廢棄物，應依前述規定申報及繳納整治費，本署已於106年12月21日請受處分人於107年1月31日前儘速依法申報繳納，經查受處分人逾107年2月1日仍未繳納，核屬違反土壤及地下水污染整治法第28條第2項規定。,土壤及地下水污染整治法第28條第2項,200000,否,,,
43,愛米斯機械工業股份有限公司,107/05/16,愛米斯機械工業股份有限公司違反土壤及地下水污染整治法第40條第3項,"新北市政府環保局106年5月26日執行「106年度新北市土壤及地下水管理及緊急應變計畫」進行土壤、地下水補充調查，結果顯示：土壤中鉻14,300mg/Kg（管制標準250mg/Kg）、銅4,050mg/Kg（管制標準400mg/Kg）、鋅2,130mg/Kg（管制標準2,000mg/Kg），地下水中鉻8.76mg/L（管制標準0.5mg/L）均超過管制標準，並符合土壤及地下水污染場址初步評估暨處理等級評定辦法第8條第1項第1款規定。",土壤及地下水污染整治法第40條第3項,150000,否,,,
42,交通部民用航空局,107/05/08,交通部民用航空局違反環境影響評估法第17條,本署107年1月17日執行交通部民用航空局辦理「馬祖南竿機場新建工程」開發案環評監督時，發現現有航廈、停車場、員工服務區、消防器材室、員工宿舍、廠區行政及服務人員停車區、自來水蓄水池、公車站、機場塔台、儲油區及污水處理場等設施設置情形，與環境影響說明書不符。,環境影響評估法第17條,300000,否,,107/11/30,否
41,台灣德亞瑪股份有限公司,107/04/23,台灣德亞瑪股份有限公司違反毒性化學物質管理法第7條之1第1項,未取得新化學物質登錄核准而輸入含1種新化學物質之貨品，經查察比對財政部關務署之通關資料屬實。,毒性化學物質管理法第7條之1第1項,200000,否,,107/04/23,是
40,中央研究院,107/04/20,中央研究院違反環境影響評估法第17條,"本署106年6月22日辦理本案環境影響評估監督，發現本開發案（一）樹木銀行之楓香間植距離不足，存活率過低，與原環境影響說明書8-24頁所載內容「…以間植距離4*4m2估算，預計可容納500株喬木…」、附22-15頁4.6喬木移植作業流程「…胸高直徑10~20cm之楓香成活率可達80~90%，胸高直徑20~30cm者則為70~80%左右…」不符；（二）水土保持計畫水溝總長2,605m，其中生態溝506m，僅占總長度19.4%，與原環境影響說明書8-2頁、附22-12頁及附22-16頁生態保育及復育計畫所載內容「…全區道路排水以自然排水（草溝）為優先考量…」不符；（三）將建築土方堆置生態池內，與環境影響說明書5-20頁5.2.4基本設施配置原則內容「…為降低計畫園區整地施工對生態環境影響，計畫園區整地順序將配合生態復育規劃成果辦理…」、附22-4頁之2.2、生態衝擊減輕原則「分區分階施工降低擾動」及「生態工程先行策略」等承諾內容不符。",環境影響評估法第17條,500000,是,,107/10/31,否
39,鼎盛冷凍工程有限公司,107/04/16,鼎盛冷凍工程有限公司違反空氣污染防制法第30條第2項,"貴公司分別於105年及106年販售HCFC-22冷媒2,400公斤及3,200公斤至臺灣菸酒股份有限公司竹南及烏日啤酒廠，並未使用於設備維護，違反氟氯烴消費量管理辦法第13條規定。",空氣污染防制法第30條第2項,100000,否,,,
38,中欣行股份有限公司,107/04/03,中欣行股份有限公司違反水污染防治法及環境檢驗測定機構管理辦法,"水質水量檢測類重金屬樣品未依「水中?屬及微?元素檢測方法—感應耦合電漿原子發射光譜法(NIEA W311.53C)」之規定執行檢測業務。",違反水污染防治法第23條第2項授權訂定環境檢驗測定機構管理辦法第17條第1項第2款規定，爰依同法第49條規定裁處及限期改善，並依環境教育法第23條之規定裁處環境講習。,"30,000",否,,107/04/23,是
37,和平工業區專用港實業股份有限公司,107/04/03,和平工業區專用港實業股份有限公司違反環境影響評估法第18條第3項,本署於105年12月28日辦理和平工業區暨鄰近相關開發個案計畫環評專案監督時，發現該公司辦理之「和平工業專用港開發計畫案，發現自104年5月6日因應對策審查通過後，未將監測結果公開於網頁上，遲至105年12月28日本署監督後，始於106年2月8日在該公司網頁上完成公開作業，與因應對策第8-6頁「...將環境監測結果公開於網頁」內容不符，已違反環境影響評估法第18條第3項之規定。,環境影響評估法第18條第3項,300000,否,,,
36,臺灣港務股份有限公司,107/04/02,臺灣港務股份有限公司違反環境影響評估法第17條,貴公司於106年2月1日至同年月17日工區停工期間，未經當地主管機關同意而未提送監控結果影片，及延遲函送監控結果影片，雖於106年5月3日函送3月份監控結果、7月27日函送4月份、7月18日函送5月份監控結果等，惟與「南星土地開發計畫－自由貿易港區第一期環境影響說明書」第8-5頁(三)車行路徑之揚塵3.加強工地管理…於工地出入口設置錄影監控設備，監控工程車輛清洗、覆蓋等情形，並將監控結果之影片，「每月定期送環保局備查」不符。,環境影響評估法第17條,300000,是,訴願駁回,,
35,中國石油化學工業開發股份有限公司頭份廠,107/04/02,中國石油化學工業開發股份有限公司頭份廠違反放流水標準第7條，水污染防治法第7條第1項，水污染防治法第18條之1第1項,貴公司廢水長期未依水污染防治許可內容正常操作，放流水經送驗結果均超過放流水標準（7月23日：水溫：41.1℃，限值：38℃以下；懸浮固體：66.7毫克/公升，限值：30毫克/公升；化學需氧量：290毫克/公升，限值：100毫克/公升；8月7日：懸浮固體：268毫克/公升；化學需氧量：595毫克/公升；氨氮：142毫克/公升，限值：60毫克/公升），經核算污染物濃度為放流水標準5倍以上，且廢水(D01)未經活性碳吸附塔直接排至放流檢知池排放。,放流水標準第7條，水污染防治法第7條第1項，水污染防治法第18條之1第1項,6291283,否,,,
34,綠山林開發事業股份有限公司,107/03/28,綠山林開發事業股份有限公司違反水污染防治法及環境檢驗測定機構管理辦法,執行生化需氧量、化學需氧量檢測未依公司管理手冊規定執行檢測業務。,違反水污染防治法第23條第2項授權訂定環境檢驗測定機構管理辦法第17條第1項第3款規定，爰依同法第49條規定裁處及限期改善，並依環境教育法第23條之規定裁處環境講習。,90000,否,,107/04/17,是
33,台灣保來得股份有限公司,107/03/27,台灣保來得股份有限公司違反土壤及地下水污染整治法第40條第3項,因受處分人之行為致土地經公告為污染整治場址。,土壤及地下水污染整治法第40條第3項,150000,否,,,
32,台灣自來水股份有限公司第七區管理處,107/03/23,台灣自來水股份有限公司第七區管理處違反環境影響評估法第17條,本署於106年9月4日辦理「澎湖縣海水淡化廠新建工程暨擴建計畫」案環境影響評估監督，發現開發單位未能於期限內辦理106年第1季之噪音振動及海域水質調查，與本案第3次環境影響差異分析報告所載之環境監測內容不符，違反環境影響評估法第17條規定。,環境影響評估法第17條,300000,否,,,
31,婕克環境科技有限公司,107/03/16,婕克環境科技有限公司違反水污染防治法及環境檢驗測定機構管理辦法,水質水量檢測類化學需氧量樣品未依婕克環境科技有限公司管理手冊之規定執行樣品接收,違反水污染防治法第23條第2項授權訂定環境檢驗測定機構管理辦法第17條第1項第3款規定，爰依同法第49條規定裁處及限期改善，並依環境教育法第23條之規定裁處環境講習。,30000,否,,107/04/09,是
30,婕克環境科技有限公司,107/03/16,婕克環境科技有限公司違反水污染防治法及環境檢驗測定機構管理辦法,水質水量檢測類生化需氧量樣品未依婕克環境科技有限公司管理手冊之規定執行檢測記錄,違反水污染防治法第23條第2項授權訂定環境檢驗測定機構管理辦法第17條第1項第3款規定，爰依同法第49條規定裁處及限期改善，並依環境教育法第23條之規定裁處環境講習。,30000,否,,107/04/09,是
29,婕克環境科技有限公司,107/03/16,婕克環境科技有限公司違反水污染防治法及環境檢驗測定機構管理辦法,"水質水量檢測類大腸桿菌群樣品未依「水中大腸桿菌群檢測方法－?膜法(NIEA E202.55B)」之規定執行檢測業務。",違反水污染防治法第23條第2項授權訂定環境檢驗測定機構管理辦法第17條第1項第2款規定，爰依同法第49條規定裁處及限期改善，並依環境教育法第23條之規定裁處環境講習。,30000,否,,107/04/09,是
28,中環科技事業股份有限公司,107/03/16,中環科技事業股份有限公司違反噪音管制法及環境檢驗測定機構管理辦法,未依本署公告檢測方法執行噪音檢測類之陸上運輸系統噪音測量業務。,違反噪音管制法第20條第2項授權訂定環境檢驗測定機構管理辦法第17條第1項第2款規定，爰依同法第32條第2項規定裁處及限期改善，並依環境教育法第23條之規定裁處環境講習。,10000,否,,107/04/09,是
27,台灣富士離合器股份有限公司,107/03/06,台灣富士離合器股份有限公司違反毒性化學物質管理法第7條之1第1項,未取得新化學物質登錄核准而輸入含1種新化學物質之貨品，經查察比對財政部關務署之通關資料屬實。,毒性化學物質管理法第7條之1第1項,300000,否,,107/03/06,是
26,廣大地環境科技股份有限公司,107/02/27,廣大地環境科技股份有限公司違反水污染防治法及環境檢驗測定機構管理辦法,"未依檢測方法「事業放流水採樣方法(NIEA W109.51B)」之規定執行水質水量檢測類溶解性鐵及未依檢測方法「水中生化需氧?檢測方法(NIEA W510.55B)」之規定執行水質水量檢測類生化需氧量檢測業務。",違反水污染防治法第23條第2項授權訂定環境檢驗測定機構管理辦法第17條第1項第2款規定，爰依同法第49條規定裁處及限期改善，並依環境教育法第23條之規定裁處環境講習。,60000,否,,107/03/19,是
25,琨鼎環境科技股份有限公司,107/02/23,琨鼎環境科技有限公司違反飲用水管理條例及環境檢驗測定機構管理辦法,"執行飲用水檢測類之總菌落數(有消毒系統之水廠配水管網)(水中總菌落數檢測方法-塗抹法 NIEA E203)」盲樣測試連續2次不合格",違反飲用水管理條例第12條之1第2項授權訂定環境檢驗測定機構管理辦法第24條第1項第6款規定，爰依同條例第24條之1規定裁處，並依環境教育法第23條之規定裁處環境講習。,50000,否,,,無改善事項
24,南台灣環境科技股份有限公司,107/02/23,南台灣環境科技股份有限公司違反飲用水管理條例及環境檢驗測定機構管理辦法,"執行飲用水檢測類之硒(水中金屬檢測方法-石墨爐式原子吸收光譜法 NIEA W303)」盲樣測試連續2次不合格",違反飲用水管理條例第12條之1第2項授權訂定環境檢驗測定機構管理辦法第24條第1項第6款規定，爰依同條例第24條之1規定裁處，並依環境教育法第23條之規定裁處環境講習。,50000,否,,,無改善事項
23,安美謙德環保股份有限公司,107/02/13,安美謙德環保股份有限公司違反水污染防治法及環境檢驗測定機構管理辦法,"執行水質水量檢測類之大腸桿菌群「水中大腸桿菌群檢測方法－?膜法(NIEA E202)」盲樣測試連續2次不合格。",違反水污染防治法第23條第2項授權訂定環境檢驗測定機構管理辦法第24條第1項第6款規定，爰依同法第49條規定裁處，並依環境教育法第23條之規定裁處環境講習。,30000,否,,,無改善事項
22,財團法人中興工程顧問社,107/02/08,財團法人中興工程顧問社違反水污染防治法及環境檢驗測定機構管理辦法,"執行水質水量檢測類之「水中銀、鎘、鉻、銅、鐵、錳、鎳、鉛及鋅檢測方法－火焰式原子吸收光譜法(NIEA W306)」盲樣測試連續2次不合格。",違反水污染防治法第23條第2項授權訂定環境檢驗測定機構管理辦法第24條第1項第6款規定，爰依同法第49條規定裁處，並依環境教育法第23條之規定裁處環境講習。,30000,否,,,無改善事項
21,精湛檢驗科技股份有限公司,107/02/07,精湛檢驗科技股份有限公司違反水污染防治法及環境檢驗測定機構管理辦法,"執行水質水量檢測類之靈丹(水中有機氯農藥檢測方法-液相-液相萃取/氣相層析儀/電子捕捉珍測器法(NIEA W605))盲樣測試連續2次不合格。",違反水污染防治法第23條第2項授權訂定環境檢驗測定機構管理辦法第24條第1項第6款規定，爰依同法第49條規定裁處，並依環境教育法第23條之規定裁處環境講習。,30000,否,,,無改善事項
20,九連環境開發股份有限公司,107/02/07,九連環境開發股份有限公司違反飲用水管理條例及環境檢驗測定機構管理辦法,"執行飲用水檢測類之總菌落數(有消毒系統之水廠配水管網)(水中總菌落數檢測方法-塗抹法 NIEA E203)」盲樣測試連續2次不合格。",違反飲用水管理條例第12條之1第2項授權訂定環境檢驗測定機構管理辦法第24條第1項第6款規定，爰依同條例第24條之1規定裁處，並依環境教育法第23條之規定裁處環境講習。,50000,否,,,無改善事項
19,新竹物流股份有限公司,107/02/05,新竹物流股份有限公司違反土壤及地下水污染整治法第41條第3項,未依「污染土地關係人之善良管理人注意義務認定準則」第5條第1項規定主動檢視相關經營許可執照並做成紀錄，或依同條第2項規定主動通報之相關佐證資料，未盡善良管理人注意義務，致土地經公告為整治場址。,土壤及地下水污染整治法第41條第3項,100000,否,,,
18,台塑石化股份有限公司,107/02/05,台塑石化股份有限公司違反環境影響評估法第17條,本署於106年9月27日執行環評監督，發現開發單位辦理六輕四期擴建計畫，將麥寮港航道浚深之砂方填埋於灰塘三用地，並於其上覆蓋副產石灰，其填埋物質及使用狀況與「六輕四期擴建計畫變更環境影響差異分析報告」「六輕四期擴建計畫環境影響說明書變更內容對照表（灰塘之變更）」所載內容不符。,環境影響評估法第17條,1200000,否,,107/9/30,是
17,全國加油站股份有限公司台北交流道加油站,107/02/01,全國加油站股份有限公司台北交流道加油站違反土壤及地下水污染整治法第40條第3項,依環保局106年5月8日執行106年度「臺北市土壤及地下水污染調查及查證工作計畫」查證結果，地下水苯濃度11毫克/公升、甲苯濃度58.1毫克/公升及總石油碳氫化合物(TPH)濃度227毫克/公升，皆分別超過第二類地下水污染管制標準（苯：0.05毫克/公升；甲苯：10毫克/公升；TPH：10毫克/公升），並符合土壤及地下水污染場址初步評估暨處理等級評定辦法第8條第1項第1款規定。,土壤及地下水污染整治法第40條第3項,150000,否,,,
16,仲禹工程顧問股份有限公司,107/01/30,仲禹工程顧問股份有限公司違反廢棄物清理法及環境檢驗測定機構管理辦法,執行廢棄物檢測類項目盲樣測試連續2次不合格。,違反廢棄物清理法第43條第2項授權訂定環境檢驗測定機構管理辦法第24條第1項第6款規定，爰依同法第58條規定裁處，並依環境教育法第23條之規定裁處環境講習。,60000,否,,,無改善事項
15,財團法人台灣農畜發展基金會,107/01/30,財團法人台灣農畜發展基金會違反水污染防治法及環境檢驗測定機構管理辦法,未依本署公告檢測方法執行水質水量類之導電度檢測業務。,違反水污染防治法第23條第2項授權訂定環境檢驗測定機構管理辦法第17條第1項第2款規定，爰依同法第49條規定裁處及限期改善，並依環境教育法第23條之規定裁處環境講習。,30000,否,,107/02/21,是
14,建利環保顧問股份有限公司,107/01/30,建利環保顧問股份有限公司違反空氣污染防制法及環境檢驗測定機構管理辦法,未依本署公告檢測方法執行空氣檢測類之排放管道中氮氧化物、二氧化硫及氧檢驗測定業務。,違反空氣污染防制法第44條第2項授權訂定環境檢驗測定機構管理辦法第17條第1項第2款規定，爰依同法第70條規定裁處及限期改善，並依環境教育法第23條之規定裁處環境講習。,200000,否,,107/02/19,是
13,淇荃環保科技有限公司,107/01/25,淇荃環保科技有限公司違反空氣污染防制法及環境檢驗測定機構管理辦法,未依本署公告檢測方法執行設備元件揮發性有機物洩漏之檢測作業。,違反空氣污染防制法第44條第2項授權訂定環境檢驗測定機構管理辦法第17條第1項第2款規定，爰依同法第70條規定裁處及限期改善，並依環境教育法第23條之規定裁處環境講習。,200000,否,,107/02/14,是
12,建元環保科技有限公司,107/01/23,建元環保科技有限公司違反空氣污染防制法及環境檢驗測定機構管理辦法,未依本署公告檢測方法執行設備元件揮發性有機物洩漏之檢測業務。,違反空氣污染防制法第44條第2項授權訂定環境檢驗測定機構管理辦法第17條第1項第2款規定，爰依同法第70條規定裁處及限期改善，並依環境教育法第23條之規定裁處環境講習。,200000,否,,107/02/12,是
11,東昌環境工程股份有限公司,107/01/23,東昌環境工程股份有限公司違反水污染防治法及環境檢驗測定機構管理辦法,未取得水質水量檢測類硝酸鹽氮及亞硝酸鹽氮檢驗項目之許可而出具放流水樣品報告，且於檢測報告中未包括對檢測結果必要之註解，與公司管理手冊第26章規定不符。,違反水污染防治法第23條第2項授權訂定環境檢驗測定機構管理辦法第17條第1項第3款規定，爰依同法第49條規定裁處及限期改善，並依環境教育法第23條之規定裁處環境講習。,30000,否,,107/02/13,是
10,玉群環境科技有限公司,107/01/23,玉群環境科技有限公司違反水污染污染防治法及環境檢驗測定機構管理辦法,執行生化需氧量檢測，未依該公司管理手冊規定執行業務。,違反水污染防治法第23條第2項授權訂定環境檢驗測定機構管理辦法第17條第1項第3款規定，爰依同法第49條規定裁處及限期改善，並依環境教育法第23條之規定裁處環境講習。,150000,否,,107/02/14,是
9,玉群環境科技有限公司,107/01/23,玉群環境科技有限公司違反水污染污染防治法及環境檢驗測定機構管理辦法,未依本署公告檢測方法執行水質水量類懸浮固體及大腸桿菌群項目之檢測。,違反水污染防治法第23條第2項授權訂定環境檢驗測定機構管理辦法第17條第1項第2款規定，爰依同法第49條規定裁處及限期改善，並依環境教育法第23條之規定裁處環境講習。,1230000,否,,107/02/14,是
8,嘉興環境科技有限公司,107/01/19,嘉興環境科技有限公司違反空氣污染防制法及環境檢驗測定機構管理辦法,未依本署公告檢測方法執行排放管道中總碳氫化合物及非甲烷總碳氫化合物檢測業務。,違反空氣污染防制法第44條第2項授權訂定環境檢驗測定機構管理辦法第17條第1項第2款規定，爰依同法第70條規定裁處及限期改善，並依環境教育法第23條之規定裁處環境講習。,200000,否,,107/02/12,是
7,台灣電力股份有限公司,107/01/19,台灣電力股份有限公司違反環境影響評估法第17條,"貴公司106年空氣污染物之氮氧化物(NOx)排放總量累計至11月19日已達4,972公噸，與本案之「大潭燃氣火力發電計畫提高年度用氣量環境影響差異分析報告（101年8月定稿）」第二章開發行為變更內容之表2-1所載內容略以：變更後空氣污染物氮氧化物排放量4,854公噸/年…本計畫承諾透過環境管理機制維持原環評承諾總量4,854公噸/年為上限；及第四章4.2節之環境管理計畫所載內容略以：…全廠NOx年排放總量仍以原核定上限4,854公噸為承諾不符。",環境影響評估法第17條,1500000,是,訴願人撤回,,
6,高誠環保科技有限公司,107/01/17,高誠環保科技有限公司違反空氣污染防制法及環境檢驗測定機構管理辦法,未依本署公告檢測方法執行設備元件揮發性有機物洩漏之檢測作業。,違反空氣污染防制法第44條第2項授權訂定環境檢驗測定機構管理辦法第17條第1項第2款規定，爰依同法第70條規定裁處及限期改善，並依環境教育法第23條之規定裁處環境講習。,200000,否,,107/02/06,是
5,三普環境分析股份有限公司,107/01/12,三普環境分析股份有限公司違反空氣污染防制法及環境檢驗測定機構管理辦法,"執行空氣採樣時，未依檢測方法執行樣品檢測，違反本署公告「空氣中粒狀污染物-高量採樣法NIEA A102.12A」之規定。",違反空氣污染防制法第44條第2項授權訂定環境檢驗測定機構管理辦法第17條第1項第2款規定，爰依同法第70條規定裁處及限期改善，並依環境教育法第23條之規定裁處環境講習。,200000,否,,107/02/05,是
4,精湛檢驗科技股份有限公司,107/01/05,精湛檢驗科技股份有限公司違反水壤及地下水污染整治法及環境檢驗測定機構管理辦法,"執行地下水採監測現場採樣時，未依檢測方法執行樣品檢測，違反本署公告檢測標準方法「監測井地下水採樣方法 NIEA W103.54B」及「水執檢測方法總則 NIEA W102.51C」之規定。",違反土壤及地下水污染整治法第10條第2項授權訂定環境檢驗測定機構管理辦法第17條第1項第2款規定，爰依同法第42條第1項第1款規定裁處，並限期改善；及依環境教育法第23條之規定裁處環境講習。,50000,否,,107/01/29,是
3,新美檢驗科技有限公司,107/01/03,新美檢驗科技有限公司違反空氣污染防制法及環境檢驗測定機構管理辦法,未依檢測方法執行空氣污染物監測作業,違反空氣污染防制法第44條第2項授權訂定環境檢驗測定機構管理辦法第17條第1項第2款規定，爰依同法第70條規定裁處及限期改善，並依環境教育法第23條之規定裁處環境講習。,200000,否,,107/01/29,是
2,金興研磨有限公司,107/01/03,金興研磨有限公司違反水污染防治法第7條第1項,105年12月1日前之稽查案件，於環保稽查處分管制系統(EEMS系統)無填報違反事實。,水污染防治法第7條第1項,760643,否,,104/7/30,是
1,玉山環境科技有限公司,107/01/02,玉山環境科技有限公司違反水壤及地下水污染整治法及環境檢驗測定機構管理辦法,執行地下水採樣出具之檢測報告，未符檢驗室品質管理手冊23-1-1及23-2-1之規定,違反土壤及地下水污染整治法第10條第2項授權訂定環境檢驗測定機構管理辦法第17條第1項第3款規定，爰依同法第42條第1項第1款規定裁處，並限期改善；及依環境教育法第23條第2款之規定裁處環境講習。,50000,否,,107/01/23,是
